plik,wariant,powtorzenie,liczba_fiksacji,score,fix_prog_duration,fix_reg_duration,fix_reg_std,fix_dur_std,sac_prog_pos_x_mean,sac_prog_dist_avg,sac_prog_range,sac_prog_y_stab,sac_reg_y_stab
Subject_1075_T4_Meaningful_Text_raw.csv,dup,0,191,0.22,339.5374149659864,343.90697674418607,254.52407150322907,274.97003223284923,850.234642857143,1.8108855283596001,12.01370748245737,0.22939524929943514,0.5098842299963078
Subject_1075_T4_Meaningful_Text_raw.csv,dup,1,191,0.22,339.72972972972974,344.0,257.5030281837663,275.70451954995474,847.0889527027027,1.7959713794579577,12.01370748245737,0.22848699095415836,0.5206611620728507
Subject_1075_T4_Meaningful_Text_raw.csv,dup,2,190,0.27,338.0952380952381,358.0952380952381,273.03477970710105,275.1454626112665,850.2419047619047,1.8061007718489486,12.01370748245737,0.2303373212380136,0.5171297494032588
Subject_1075_T4_Meaningful_Text_raw.csv,dup,3,191,0.22,339.6756756756757,344.1904761904762,257.5428987007831,275.652254382845,847.0907263513513,1.795990480063755,12.01370748245737,0.22849154119904566,0.5207605894616157
Subject_1075_T4_Meaningful_Text_raw.csv,dup,4,190,0.2,341.46938775510205,344.1904761904762,257.569522569958,275.74019326682406,844.8447789115646,1.8081235573527574,12.01370748245737,0.20519561491507313,0.5205617328253594
Subject_1075_T4_Meaningful_Text_raw.csv,dup,5,191,0.26,335.23809523809524,358.13953488372096,269.8786619166532,272.7035036428725,850.24481292517,1.8114698336253126,12.01370748245737,0.2298690343864337,0.5086091548062769
Subject_1075_T4_Meaningful_Text_raw.csv,dup,6,189,0.24,339.8082191780822,357.9047619047619,273.071053855063,275.2357444838373,848.0107191780822,1.8185966415627624,12.01370748245737,0.20670071248972957,0.5167961746838325
Subject_1075_T4_Meaningful_Text_raw.csv,dup,7,190,0.22,342.01360544217687,344.2857142857143,257.4784582495884,276.1889441183075,850.19018707483,1.8076029823958601,12.01370748245737,0.22996800613450893,0.5210139800900269
Subject_1075_T4_Meaningful_Text_raw.csv,dup,8,189,0.2,343.6986301369863,344.57142857142856,257.4890790894638,276.075856935714,847.9449315068493,1.8200177453650486,12.01370748245737,0.20623290677040293,0.5206226696093471
Subject_1075_T4_Meaningful_Text_raw.csv,dup,9,190,0.2,341.38775510204084,344.2857142857143,257.53615425469746,276.1489822320764,844.8310884353741,1.80827112351736,12.01370748245737,0.20516629071469522,0.5206451262246294
Subject_1075_T4_Meaningful_Text_raw.csv,dup,10,189,0.2,343.83561643835617,344.3809523809524,257.4805542709282,276.0627635555159,847.9454452054795,1.8200269721852247,12.01370748245737,0.20616555122482666,0.5205873876563422
Subject_1075_T4_Meaningful_Text_raw.csv,dup,11,190,0.23,342.0952380952381,344.4761904761905,257.5373517149399,276.00274277010453,850.1766666666666,1.8076203982382495,12.01370748245737,0.2299130233830223,0.52095624411949
Subject_1075_T4_Meaningful_Text_raw.csv,mono,0,193,0.24,331.6756756756757,353.72727272727275,267.8498870327764,271.69252384294265,847.1631081081081,1.803289103831606,12.01370748245737,0.22900672503949995,0.5004207439425873
Subject_1075_T4_Meaningful_Text_raw.csv,mono,1,192,0.2,337.86486486486484,340.09302325581393,255.37057559859477,275.07815808521684,847.1227871621621,1.799773302743512,12.01370748245737,0.2293517017935072,0.5118610662490076
Subject_1075_T4_Meaningful_Text_raw.csv,mono,2,192,0.26,332.7837837837838,357.7674418604651,269.8841127017386,272.62924750881405,847.1509966216216,1.799787465738704,12.01370748245737,0.22881739893430267,0.5087062818868006
Subject_1075_T4_Meaningful_Text_raw.csv,mono,3,192,0.25,333.81081081081084,354.51162790697674,270.9034301544426,272.7103537931265,847.1367229729731,1.8002125694805158,12.01370748245737,0.22943544185927842,0.510564054687869
Subject_1075_T4_Meaningful_Text_raw.csv,mono,4,191,0.23,334.6938775510204,357.95348837209303,269.8704214031178,272.6432088725414,844.905918367347,1.8119949518247134,12.01370748245737,0.20532666346281855,0.5097305411803937
Subject_1075_T4_Meaningful_Text_raw.csv,mono,5,190,0.2,341.3424657534247,343.8139534883721,254.5247514636361,275.2373613755097,847.9871746575343,1.8233384041199698,12.01370748245737,0.20565806937075995,0.5100596721548024
Subject_1075_T4_Meaningful_Text_raw.csv,mono,6,189,0.24,339.8904109589041,358.0,273.14081489573243,275.4626734120699,848.0081506849315,1.8184415860626528,12.01370748245737,0.20688524928999769,0.5173093613214846
Subject_1075_T4_Meaningful_Text_raw.csv,mono,7,189,0.2,343.8082191780822,344.1904761904762,257.5118340410821,276.1877581005136,847.9364554794521,1.8199835965674374,12.01370748245737,0.2065521584847616,0.5210139815243252
Subject_1075_T4_Meaningful_Text_raw.csv,mono,8,191,0.22,339.4013605442177,343.90697674418607,254.58692616585964,275.1375036691221,850.2401530612244,1.8108232228182877,12.01370748245737,0.22922112935252414,0.510153656841174
Subject_1075_T4_Meaningful_Text_raw.csv,mono,9,191,0.23,334.91156462585036,358.04651162790697,269.89661702803926,272.9654925776408,844.8855782312926,1.8119015872877091,12.01370748245737,0.2049903389632482,0.5084681761845694
Subject_1075_T4_Meaningful_Text_raw.csv,mono,10,190,0.2,341.03401360544217,344.3809523809524,257.5042257980534,273.41064546325106,847.2692006802721,1.80772297459634,12.01370748245737,0.20484462529915204,0.5208087105191412
Subject_1075_T4_Meaningful_Text_raw.csv,mono,11,190,0.24,337.47945205479454,358.04651162790697,269.96140581084205,272.78393142008423,847.9897260273973,1.8236730304584738,12.01370748245737,0.20628365740894505,0.5088127832579793
Subject_1075_T4_Meaningful_Text_raw.csv,mono_r,0,198,0.16,323.5405405405405,337.2244897959184,203.71601535091438,221.0705667660353,851.1866216216216,1.821704418762105,12.159716710480986,0.19541140456636633,0.5289683896207038
Subject_1075_T4_Meaningful_Text_raw.csv,mono_r,1,198,0.16,323.8918918918919,336.8979591836735,203.6199185254843,220.60131715032048,844.299847972973,1.8206036928376341,12.159716710480986,0.19091092560520367,0.5321795047617875
Subject_1075_T4_Meaningful_Text_raw.csv,mono_r,2,199,0.14,323.7837837837838,331.28,204.8479475122951,220.92369864780613,844.3017736486487,1.8208951544018233,12.204737131531248,0.19131504278558611,0.5218007968699013
Subject_1075_T4_Meaningful_Text_raw.csv,mono_r,3,199,0.14,324.0,331.2,205.13566242854995,221.07756607115059,844.29625,1.8212491392760348,12.204737131531248,0.19098827454954626,0.5214909599286874
Subject_1075_T4_Meaningful_Text_raw.csv,mono_r,4,199,0.14,323.9189189189189,331.76,204.98337103287184,221.107020552292,844.295625,1.8210789919884698,12.204737131531248,0.19130321023573693,0.521474813603397
Subject_1075_T4_Meaningful_Text_raw.csv,mono_r,5,198,0.18,321.1081081081081,345.7142857142857,219.97105560987436,225.58814060747176,846.5102195945944,1.8221914996218578,12.159716710480986,0.19269712168597536,0.5295127181775356
Subject_1075_T4_Meaningful_Text_raw.csv,mono_r,6,199,0.15,321.7986577181208,336.57142857142856,203.6323217197594,221.19774047878377,848.8297818791946,1.8115331223789761,12.159716710480986,0.1919653109758801,0.5320667646817201
Subject_1075_T4_Meaningful_Text_raw.csv,mono_r,7,197,0.16,326.1496598639456,336.81632653061223,203.85185431816558,220.425238186606,846.6433503401361,1.8313904948385549,12.159716710480986,0.19360533092387508,0.5290590837865767
Subject_1075_T4_Meaningful_Text_raw.csv,mono_r,8,198,0.15,326.0408163265306,332.4,205.35432793101782,220.84352853434592,846.6484013605442,1.8315675617103464,12.204737131531248,0.19363188717842109,0.5183629001751079
Subject_1075_T4_Meaningful_Text_raw.csv,mono_r,9,198,0.16,323.9189189189189,336.8979591836735,204.0428371288494,220.80486565071683,844.2912668918918,1.8208057377556064,12.159716710480986,0.19115577411357387,0.5319512887284996
Subject_1075_T4_Meaningful_Text_raw.csv,mono_r,10,198,0.16,323.97297297297297,336.81632653061223,203.51519759421342,220.64485173436034,844.3061148648649,1.8205736157367831,12.159716710480986,0.19092913033129313,0.5322014718283347
Subject_1075_T4_Meaningful_Text_raw.csv,mono_r,11,197,0.18,323.59183673469386,345.55102040816325,219.99304824123186,225.19685554436361,841.9346768707483,1.8317700690701053,12.159716710480986,0.19140777422307798,0.5295649687544345
Subject_1075_T4_Meaningful_Text_raw.csv,bino,0,193,0.33,319.67785234899327,386.6046511627907,289.09724279612243,266.48157589865514,856.9440184563758,1.7796026544309003,12.082720402238342,0.2065745600850975,0.5414020134272721
Subject_1075_T4_Meaningful_Text_raw.csv,bino,1,192,0.29,326.1744966442953,373.8095238095238,279.2114097558846,269.7469461005176,856.8877600671142,1.7757765400497016,12.082720402238342,0.20669073992988596,0.5539733997410161
Subject_1075_T4_Meaningful_Text_raw.csv,bino,2,193,0.33,319.91946308724835,386.69767441860466,289.0751519639206,266.47111929624026,856.9445889261744,1.7796306620687692,12.082720402238342,0.20660349169997871,0.5415649212400742
Subject_1075_T4_Meaningful_Text_raw.csv,bino,3,193,0.33,319.43624161073825,386.7906976744186,288.8572962344648,268.27227369327466,857.2418372483222,1.7796180369617256,12.082720402238342,0.2079162681248804,0.5414678054532902
Subject_1075_T4_Meaningful_Text_raw.csv,bino,4,191,0.25,327.8918918918919,374.0952380952381,279.0190136483968,269.7515882349552,854.7289358108106,1.7877525971330384,12.082720402238342,0.17747152602139815,0.5537857567317029
Subject_1075_T4_Meaningful_Text_raw.csv,bino,5,192,0.25,325.4765100671141,373.3333333333333,279.04280834468557,269.85682208734937,856.3049244966444,1.775687236430929,12.082720402238342,0.1776678072220102,0.553607750540262
Subject_1075_T4_Meaningful_Text_raw.csv,bino,6,191,0.25,328.0810810810811,373.9047619047619,279.27148504327585,269.935986490722,854.7230405405405,1.7877808458428128,12.082720402238342,0.17766494815686498,0.5538354771345235
Subject_1075_T4_Meaningful_Text_raw.csv,bino,7,192,0.25,325.3959731543624,373.3333333333333,279.407081979533,270.17309266468413,856.3122651006711,1.7758422823723454,12.082720402238342,0.17765017699798963,0.5536734968412089
Subject_1075_T4_Meaningful_Text_raw.csv,bino,8,192,0.29,326.1476510067114,373.8095238095238,279.3396326794455,269.76283227509924,856.8963506711409,1.775784685309635,12.082720402238342,0.20668531524947908,0.5538996215290332
Subject_1075_T4_Meaningful_Text_raw.csv,bino,9,192,0.29,321.5405405405405,386.7906976744186,288.993808426436,266.4191527097021,854.7791131756757,1.791622279032063,12.082720402238342,0.17713474304967056,0.5414615394681467
Subject_1075_T4_Meaningful_Text_raw.csv,bino,10,192,0.25,325.4496644295302,373.42857142857144,279.3159282158861,269.9284555095109,856.3075251677852,1.775851769906893,12.082720402238342,0.1778960952260812,0.5535804809442935
Subject_1075_T4_Meaningful_Text_raw.csv,bino,11,192,0.25,325.4765100671141,373.9047619047619,279.3587733776023,272.3308462949983,856.3211577181208,1.7760104520858522,12.082720402238342,0.17732333925392185,0.5529439592681401
Subject_1082_T4_Meaningful_Text_raw.csv,dup,0,295,0.95,551.677130044843,422.4225352112676,308.6139692680413,407.14086923345377,855.32149103139,1.2330599743541069,5.704432541805632,0.27771224196892214,0.5634503606616945
Subject_1082_T4_Meaningful_Text_raw.csv,dup,1,295,0.94,555.0134529147982,412.28169014084506,300.8669718250436,407.42972328943677,855.0113004484306,1.233568552377989,5.706045097472784,0.27961328260021845,0.5666625433141226
Subject_1082_T4_Meaningful_Text_raw.csv,dup,2,297,0.95,547.3928571428571,420.3888888888889,307.3442946145231,406.05023935485735,857.0925,1.2297881104579085,5.706045097472784,0.27814010329366484,0.5577744702686763
Subject_1082_T4_Meaningful_Text_raw.csv,dup,3,296,0.95,549.829596412556,420.77777777777777,307.4451270923634,402.31903998475957,854.2508183856502,1.2363688244917017,5.706045097472784,0.278459491004087,0.5586912053964109
Subject_1082_T4_Meaningful_Text_raw.csv,dup,4,294,0.95,553.5675675675676,422.92957746478874,307.9513096662743,411.13434144087034,850.5535585585585,1.2361910696500245,5.706045097472784,0.28150633452934726,0.5659833343326817
Subject_1082_T4_Meaningful_Text_raw.csv,dup,5,291,0.95,563.0407239819004,414.7826086956522,301.0700178356714,415.9101422409814,852.0527036199096,1.2351996072921974,5.706045097472784,0.2861691100622651,0.5721231384974607
Subject_1082_T4_Meaningful_Text_raw.csv,dup,6,297,0.95,547.68,417.5774647887324,302.41058098579197,405.2124231422472,857.6360888888888,1.2223877406958372,5.706045097472784,0.276203441629976,0.5641960227628771
Subject_1082_T4_Meaningful_Text_raw.csv,dup,7,293,0.95,557.3693693693693,418.22857142857146,308.7772276683153,411.6300228987317,852.1908896396396,1.2367884937903757,5.704432541805632,0.28119623006257705,0.5708914988557505
Subject_1082_T4_Meaningful_Text_raw.csv,dup,8,291,0.95,564.1272727272727,414.6857142857143,309.4686479784869,417.76968153266296,851.6602727272725,1.2480911703819901,5.704432541805632,0.2806633700996149,0.571674748954667
Subject_1082_T4_Meaningful_Text_raw.csv,dup,9,294,0.95,554.8648648648649,419.71830985915494,309.4444446304318,407.2385897828,853.6044932432432,1.2356737398820739,5.706045097472784,0.2795299391048312,0.5638411612773241
Subject_1082_T4_Meaningful_Text_raw.csv,dup,10,297,0.95,546.9511111111111,421.9718309859155,309.2496130153902,398.7581334275132,855.2993555555555,1.2258744722389294,5.704432541805632,0.27751163095663334,0.5678635465848585
Subject_1082_T4_Meaningful_Text_raw.csv,dup,11,292,0.95,558.9140271493212,421.25714285714287,309.4345389214834,413.73645182277346,853.9518099547511,1.2405471808837467,5.706045097472784,0.2797250059231182,0.5674794228398206
Subject_1082_T4_Meaningful_Text_raw.csv,mono,0,296,0.95,550.0089686098655,420.22222222222223,307.424345807325,404.10042127520626,853.2600224215246,1.2334506611912652,5.704432541805632,0.2761536822935497,0.557297335375735
Subject_1082_T4_Meaningful_Text_raw.csv,mono,1,293,0.95,557.7040358744395,415.71014492753625,311.05640950972287,409.42470968602987,852.4446636771299,1.2332437262471285,5.704432541805632,0.2802590635700973,0.5797470635288642
Subject_1082_T4_Meaningful_Text_raw.csv,mono,2,299,0.94,543.9647577092511,413.9154929577465,295.4039366973742,396.09877784382996,850.1358259911893,1.2159292309736915,5.706045097472784,0.27660542355271667,0.5672431787104573
Subject_1082_T4_Meaningful_Text_raw.csv,mono,3,295,0.95,552.3423423423424,420.22222222222223,306.9888806447331,408.98699550662525,853.356813063063,1.2408070124603827,5.706045097472784,0.27700439940105587,0.5583226436497905
Subject_1082_T4_Meaningful_Text_raw.csv,mono,4,294,0.95,553.219730941704,421.6,310.87812954367087,404.78752814339714,848.3092152466368,1.2296499098691698,5.706045097472784,0.27917717291571625,0.5749001785940231
Subject_1082_T4_Meaningful_Text_raw.csv,mono,5,291,0.96,561.0497737556561,421.04347826086956,292.1644580940826,414.0233832047635,849.1874547511312,1.2357821262659645,5.706045097472784,0.284347744705004,0.560198215161905
Subject_1082_T4_Meaningful_Text_raw.csv,mono,6,297,0.95,546.2831858407079,420.51428571428573,310.78659388521817,405.3838074960788,856.2249668141592,1.2185090653303352,5.706045097472784,0.28475496026654873,0.5728852532991996
Subject_1082_T4_Meaningful_Text_raw.csv,mono,7,293,0.95,556.3049327354261,419.59420289855075,310.8086842854671,409.68487765976704,851.0781165919282,1.2310353454231722,5.706045097472784,0.2795728055482047,0.5785014742976639
Subject_1082_T4_Meaningful_Text_raw.csv,mono,8,294,0.95,554.0540540540541,422.53521126760563,309.11941404649485,410.46559302124575,853.2794932432432,1.238722217962879,5.706045097472784,0.2785900032145987,0.5643477906164258
Subject_1082_T4_Meaningful_Text_raw.csv,mono,9,295,0.95,553.9459459459459,415.8333333333333,309.3264636449832,403.9714174671548,853.8165878378378,1.2357478877048869,5.704432541805632,0.279626421634184,0.5637653716350068
Subject_1082_T4_Meaningful_Text_raw.csv,mono,10,299,0.95,542.141592920354,421.5,309.053348505112,397.32040582192064,856.7084623893804,1.2200918878973082,5.704432541805632,0.2775753981203323,0.5612657460664451
Subject_1082_T4_Meaningful_Text_raw.csv,mono,11,291,0.95,560.2162162162163,421.52941176470586,310.32129794533523,411.96640528062574,854.6924999999999,1.2320841037017036,5.706045097472784,0.27576283890002273,0.5785378083587358
Subject_1082_T4_Meaningful_Text_raw.csv,mono_r,0,298,0.92,561.0990990990991,381.06666666666666,283.255989443393,442.9603320527274,861.3606081081081,1.2401511518517552,5.904640711651345,0.3071531876042675,0.6474476824199475
Subject_1082_T4_Meaningful_Text_raw.csv,mono_r,1,299,0.91,558.0448430493274,380.96,283.5243641500086,437.84437149512286,857.7440582959641,1.2336604865398286,5.904640711651345,0.3098763783349031,0.6548406077045974
Subject_1082_T4_Meaningful_Text_raw.csv,mono_r,2,299,0.93,553.3632286995515,393.92,292.6625251035739,440.03423216788576,853.5294506726458,1.2339955953582342,5.904640711651345,0.3090765450600985,0.6492364875255755
Subject_1082_T4_Meaningful_Text_raw.csv,mono_r,3,294,0.93,568.0909090909091,384.54794520547944,285.50234704291086,439.7776265064001,857.7337272727272,1.2393412331732376,5.904640711651345,0.30683669874067004,0.6530819932436528
Subject_1082_T4_Meaningful_Text_raw.csv,mono_r,4,300,0.92,557.5927601809955,382.5128205128205,287.1305315415391,440.5732578760944,855.6167081447965,1.2467409638823226,5.904640711651345,0.3156502851539718,0.6506609926120875
Subject_1082_T4_Meaningful_Text_raw.csv,mono_r,5,298,0.91,564.0,377.14285714285717,280.0629666809278,441.0187249852064,854.6230681818181,1.2495397112281772,5.904640711651345,0.31494740083393324,0.651747395023051
Subject_1082_T4_Meaningful_Text_raw.csv,mono_r,6,295,0.91,570.9818181818182,373.8378378378378,286.40186409569196,445.74923256026665,859.8325681818183,1.2464957782292132,5.904640711651345,0.31700117496359725,0.6700994561047622
Subject_1082_T4_Meaningful_Text_raw.csv,mono_r,7,297,0.91,567.1780821917808,375.42857142857144,281.39076811167536,444.1424759292895,858.3638812785388,1.2575448334455679,5.904640711651345,0.314460216398526,0.6516352116773942
Subject_1082_T4_Meaningful_Text_raw.csv,mono_r,8,299,0.92,556.4304932735427,386.4,284.14231176178833,439.48594829452304,856.5430605381165,1.2336805168098126,5.904640711651345,0.3127372111339363,0.6609657169421082
Subject_1082_T4_Meaningful_Text_raw.csv,mono_r,9,295,0.93,566.0727272727273,387.8378378378378,292.5314964343769,444.4166612044429,859.7035909090908,1.24712910249526,5.904640711651345,0.3121399138921079,0.6546532280134939
Subject_1082_T4_Meaningful_Text_raw.csv,mono_r,10,300,0.9,558.3214285714286,373.3333333333333,279.64116689468705,438.5747168068654,862.4910825892857,1.2310536974359951,5.904640711651345,0.31069111171738734,0.6465205264385102
Subject_1082_T4_Meaningful_Text_raw.csv,mono_r,11,300,0.91,558.2342342342342,378.7012987012987,279.9164562255064,444.9298729263098,858.9842229729729,1.250056498107314,5.904640711651345,0.3113691730564758,0.6352877912751568
Subject_1082_T4_Meaningful_Text_raw.csv,bino,0,265,0.96,632.6169154228855,415.6190476190476,320.8074846023247,463.39108939442616,844.2867661691541,1.326015010104405,5.819052703670352,0.22522578526478948,0.5417439108501104
Subject_1082_T4_Meaningful_Text_raw.csv,bino,1,264,0.98,631.12,431.4920634920635,329.3040218793277,465.9984607560386,843.69765625,1.3338730885159094,5.819052703670352,0.24911472439977728,0.5439558092042683
Subject_1082_T4_Meaningful_Text_raw.csv,bino,2,261,0.97,639.4747474747475,431.5483870967742,342.76681048252954,475.03938214195523,847.1687436868685,1.3455112805477785,5.819052703670352,0.22805486804548805,0.552805264226104
Subject_1082_T4_Meaningful_Text_raw.csv,bino,3,263,0.97,636.060606060606,429.0625,320.13687868433715,476.7497493115291,849.698529040404,1.3472337352300456,5.819052703670352,0.23387725748440588,0.5417311929729205
Subject_1082_T4_Meaningful_Text_raw.csv,bino,4,261,0.98,636.8484848484849,439.93548387096774,328.7556142519625,462.64037408686653,844.3137310606061,1.3455298945134444,5.819052703670352,0.2265867078852603,0.5492136633401342
Subject_1082_T4_Meaningful_Text_raw.csv,bino,5,261,0.97,640.2828282828283,428.83870967741933,317.7778790870201,467.27424175842077,845.989494949495,1.3446904705294493,5.819052703670352,0.22727007507508448,0.5518351282605543
Subject_1082_T4_Meaningful_Text_raw.csv,bino,6,263,0.97,640.6464646464647,414.75,316.53110036772057,483.1954813026165,849.6335037878788,1.3462355305270162,5.819052703670352,0.23366362313783062,0.5399989248328338
Subject_1082_T4_Meaningful_Text_raw.csv,bino,7,261,0.97,642.6868686868687,422.3225806451613,320.5242064329453,481.93195608853364,845.4143939393939,1.345343684308278,5.819052703670352,0.2267169164136241,0.5509311823040312
Subject_1082_T4_Meaningful_Text_raw.csv,bino,8,262,0.96,643.6969696969697,412.8888888888889,319.50075694130527,482.36754873390646,845.3772601010102,1.345235325851077,5.819052703670352,0.22635974154280325,0.5427638802456
Subject_1082_T4_Meaningful_Text_raw.csv,bino,9,263,0.97,635.52,426.19354838709677,329.10567175936535,480.21839066002116,844.6910750000002,1.329543186521629,5.819052703670352,0.24694954689320314,0.5457296369102287
Subject_1082_T4_Meaningful_Text_raw.csv,bino,10,262,0.97,639.9191919191919,423.93650793650795,319.79794578372145,479.97068554504114,847.0411931818181,1.3437323207397316,5.819052703670352,0.22641587194874707,0.5429209788031772
Subject_1082_T4_Meaningful_Text_raw.csv,bino,11,259,0.98,640.7070707070707,444.73333333333335,343.3610280092305,484.5646284512593,846.6617108585858,1.3426339806413572,5.819052703670352,0.22872407449428497,0.5631303852612
Subject_1090_T4_Meaningful_Text_raw.csv,dup,0,213,0.26,382.49101796407183,307.9111111111111,232.55028820280972,269.56579858097166,886.9622904191616,1.5682128863739002,7.453395982964266,0.30436210497745175,0.6372817233722547
Subject_1090_T4_Meaningful_Text_raw.csv,dup,1,215,0.21,382.8433734939759,296.0833333333333,230.56089518582482,270.48696602338225,886.9690210843374,1.5822972363318726,7.453395982964266,0.30226631022277894,0.6297399892469865
Subject_1090_T4_Meaningful_Text_raw.csv,dup,2,210,0.25,392.0,303.1304347826087,231.92939411884103,279.28910142873593,883.6334509202454,1.6081754578139027,7.453395982964266,0.3033342891204252,0.6409899774779038
Subject_1090_T4_Meaningful_Text_raw.csv,dup,3,209,0.22,398.7073170731707,285.6363636363636,192.74159466511009,276.11741739008045,886.3795426829269,1.5947261854380925,7.453395982964266,0.306151974945222,0.6510397651838509
Subject_1090_T4_Meaningful_Text_raw.csv,dup,4,213,0.23,385.91515151515154,302.1276595744681,229.99996457180825,278.514486367545,887.414803030303,1.5961594296768002,7.453395982964266,0.29941330102694386,0.6350587856404248
Subject_1090_T4_Meaningful_Text_raw.csv,dup,5,214,0.22,382.32335329341316,299.82608695652175,231.7224074233638,273.5484975371782,888.3553293413173,1.5723764395210007,7.453395982964266,0.3009764185152916,0.6489844646655633
Subject_1090_T4_Meaningful_Text_raw.csv,dup,6,215,0.22,382.144578313253,299.6666666666667,227.82717621526675,269.4893874157046,888.8570783132529,1.5866200173875264,7.453395982964266,0.2968686914598682,0.6270962669871328
Subject_1090_T4_Meaningful_Text_raw.csv,dup,7,214,0.18,389.6385542168675,280.51063829787233,187.60141907783668,277.8129910503315,886.785391566265,1.584482257227869,7.453395982964266,0.30225636661150324,0.6401549428544331
Subject_1090_T4_Meaningful_Text_raw.csv,dup,8,214,0.18,389.2048192771084,280.25531914893617,187.72620035970974,266.7025483181836,886.0767469879518,1.5770680685859697,7.453395982964266,0.3028382242090744,0.6411666749970171
Subject_1090_T4_Meaningful_Text_raw.csv,dup,9,214,0.24,383.49397590361446,302.0425531914894,229.98815487045252,272.8600902951627,887.2525903614458,1.5818237405387972,7.453395982964266,0.302548498844793,0.639444186952561
Subject_1090_T4_Meaningful_Text_raw.csv,dup,10,213,0.25,384.0240963855422,305.7391304347826,231.15235280641102,277.5115513925432,884.1853162650604,1.5779770561724276,7.453395982964266,0.3043558853251834,0.6304358380929441
Subject_1090_T4_Meaningful_Text_raw.csv,dup,11,214,0.23,383.03614457831327,301.9574468085106,229.63560008745108,278.1251261848793,884.2828614457833,1.5817462784195437,7.453395982964266,0.30179216912780044,0.6399141787889734
Subject_1090_T4_Meaningful_Text_raw.csv,mono,0,212,0.21,391.87951807228916,285.3333333333333,189.53604172059494,272.3567749977012,886.9078012048193,1.579984036207056,7.453395982964266,0.30510329706756445,0.6362339669898114
Subject_1090_T4_Meaningful_Text_raw.csv,mono,1,213,0.22,388.219512195122,294.6666666666667,231.139688404124,279.59475055261294,882.0332926829266,1.6068115258102393,7.453395982964266,0.3076257203341128,0.6260156922229191
Subject_1090_T4_Meaningful_Text_raw.csv,mono,2,210,0.26,392.02453987730064,303.9130434782609,231.81925362576513,281.4170433542529,881.7410122699384,1.6008712324134022,7.453395982964266,0.30448057053668875,0.6437926106489545
Subject_1090_T4_Meaningful_Text_raw.csv,mono,3,213,0.17,393.6969696969697,276.17021276595744,190.25619000738172,277.35847092826754,884.5181666666666,1.5868929450028948,7.453395982964266,0.3044720637543085,0.6389057196883721
Subject_1090_T4_Meaningful_Text_raw.csv,mono,4,214,0.23,383.95180722891564,301.4468085106383,230.40452940570734,277.98333001632767,885.4989909638556,1.586495486465982,7.453395982964266,0.3038217787072513,0.6347521942281514
Subject_1090_T4_Meaningful_Text_raw.csv,mono,5,211,0.24,389.9024390243902,302.17391304347825,231.91108719280533,280.9044142640978,884.294100609756,1.5938713117431915,7.453395982964266,0.3012077660616839,0.6506508070407698
Subject_1090_T4_Meaningful_Text_raw.csv,mono,6,216,0.27,373.67664670658684,319.25,254.66796192951585,267.5138388533426,886.4559880239523,1.5780970065566,7.453395982964266,0.2986282427871683,0.6265657558008216
Subject_1090_T4_Meaningful_Text_raw.csv,mono,7,218,0.23,373.6470588235294,303.06382978723406,220.45556355017754,260.26763303308786,891.8482352941177,1.5483059916436512,7.453395982964266,0.3033754330556598,0.6150731945230083
Subject_1090_T4_Meaningful_Text_raw.csv,mono,8,213,0.26,383.377245508982,306.75555555555553,233.55314936914667,275.3874583176181,882.9242065868264,1.5612024674401044,7.453395982964266,0.3080896087228286,0.6399909166524992
Subject_1090_T4_Meaningful_Text_raw.csv,mono,9,215,0.23,381.36526946107784,301.78723404255317,229.607336988025,270.3909228157583,883.4192964071857,1.577110532232147,7.453395982964266,0.3009699866249782,0.6349356318678513
Subject_1090_T4_Meaningful_Text_raw.csv,mono,10,213,0.26,384.12048192771084,305.82608695652175,230.7668976664572,268.77606492865726,886.469171686747,1.577752667628786,7.453395982964266,0.3088264728705299,0.6296129095024701
Subject_1090_T4_Meaningful_Text_raw.csv,mono,11,213,0.24,386.1575757575758,301.531914893617,229.47051459075504,273.1822136489297,887.2430454545454,1.591437569776038,7.453395982964266,0.3035419982496366,0.6399629328074571
Subject_1090_T4_Meaningful_Text_raw.csv,mono_r,0,224,0.17,369.74117647058824,282.8679245283019,183.94154503545968,229.20870981064667,881.8579411764706,1.5617485615615596,7.638897653059923,0.3064458388049683,0.6385074476257232
Subject_1090_T4_Meaningful_Text_raw.csv,mono_r,1,220,0.15,383.5903614457831,271.0188679245283,180.3274265775367,239.0746458347094,876.3504518072289,1.5967177040509968,7.638897653059923,0.30162739821511686,0.6366602279112583
Subject_1090_T4_Meaningful_Text_raw.csv,mono_r,2,222,0.18,374.2142857142857,283.39622641509436,182.40720976551148,231.52044562796348,879.2675595238096,1.58186730683349,7.638897653059923,0.3073587344023651,0.6269511395708453
Subject_1090_T4_Meaningful_Text_raw.csv,mono_r,3,221,0.19,376.9101796407186,286.9433962264151,183.63565394494174,232.1842236850302,881.4241766467065,1.5873924401588217,7.638897653059923,0.30399306122245306,0.6373106211815432
Subject_1090_T4_Meaningful_Text_raw.csv,mono_r,4,223,0.16,374.04761904761904,278.0740740740741,184.84466470143818,230.753036783479,884.1173065476191,1.583285594419736,7.638897653059923,0.3132202774182601,0.6517868849971516
Subject_1090_T4_Meaningful_Text_raw.csv,mono_r,5,223,0.18,373.2857142857143,284.3703703703704,182.74170156933369,231.55424221902257,887.3725446428573,1.580537788043541,7.638897653059923,0.3062554475222972,0.6267509269950531
Subject_1090_T4_Meaningful_Text_raw.csv,mono_r,6,223,0.17,372.7100591715976,281.1320754716981,185.059096908319,230.8929423901542,882.1153550295858,1.5734804968212346,7.638897653059923,0.30844875799136107,0.6542041843262001
Subject_1090_T4_Meaningful_Text_raw.csv,mono_r,7,224,0.18,369.01176470588234,284.3018867924528,181.47878766896838,228.94602117583284,881.8494411764706,1.5644376369144164,7.638897653059923,0.3113706767307069,0.6266151958920374
Subject_1090_T4_Meaningful_Text_raw.csv,mono_r,8,222,0.17,374.95238095238096,281.7358490566038,186.2949731386543,236.07087632284723,882.3768898809524,1.5804285678113537,7.638897653059923,0.31116594471757414,0.6519098960328017
Subject_1090_T4_Meaningful_Text_raw.csv,mono_r,9,225,0.16,369.36470588235295,279.48148148148147,183.81157227309959,228.0785697847602,879.0616176470588,1.5646273042495098,7.638897653059923,0.31181361592667434,0.6402890701544101
Subject_1090_T4_Meaningful_Text_raw.csv,mono_r,10,223,0.19,370.5325443786982,288.22641509433964,181.15339497174753,225.91139896914976,882.043298816568,1.5717830309999483,7.638897653059923,0.3063101093974743,0.6218981153695691
Subject_1090_T4_Meaningful_Text_raw.csv,mono_r,11,222,0.16,377.2934131736527,277.25925925925924,185.88538734682976,237.1912210665199,882.555598802395,1.5902710167088827,7.638897653059923,0.3073129714045243,0.6592011543410101
Subject_1090_T4_Meaningful_Text_raw.csv,bino,0,202,0.21,411.4320987654321,301.84615384615387,193.62527098013362,282.50976527153375,886.5766820987656,1.599367733946941,7.4940407271862135,0.2270975278229855,0.6421391485505162
Subject_1090_T4_Meaningful_Text_raw.csv,bino,1,203,0.2,410.12345679012344,299.4,192.17606510697422,277.7160934161157,886.5318827160494,1.6025238729575324,7.4940407271862135,0.22610298426564368,0.6258263658031226
Subject_1090_T4_Meaningful_Text_raw.csv,bino,2,203,0.2,410.04938271604937,299.9,192.35901330584954,277.78233554518044,886.5281481481483,1.6025296737542556,7.4940407271862135,0.22638072750431196,0.6263113178925487
Subject_1090_T4_Meaningful_Text_raw.csv,bino,3,201,0.22,414.0621118012422,301.43589743589746,193.00057059458567,286.43911732938506,884.3383152173913,1.606893547304418,7.487937428734574,0.22753500031358304,0.6400390423588908
Subject_1090_T4_Meaningful_Text_raw.csv,bino,4,205,0.21,404.71604938271605,305.3333333333333,200.2696594792544,268.4201729905796,886.5214043209878,1.6086273159823132,7.4940407271862135,0.22382700602673533,0.6020361197716853
Subject_1090_T4_Meaningful_Text_raw.csv,bino,5,202,0.21,411.65432098765433,301.64102564102564,193.09456792735168,282.3225567960784,886.5722685185186,1.5994001497293868,7.4940407271862135,0.22639485860328165,0.6417350092021368
Subject_1090_T4_Meaningful_Text_raw.csv,bino,6,203,0.25,407.1801242236025,314.5365853658537,194.87833572432245,274.800651903852,890.4175232919255,1.6043253060838285,7.487937428734574,0.22269838425435046,0.58905625059992
Subject_1090_T4_Meaningful_Text_raw.csv,bino,7,201,0.22,414.2111801242236,302.6666666666667,193.5796838955318,285.720606958895,884.1950465838509,1.6088678102451017,7.4940407271862135,0.22694380543245604,0.6409146616915786
Subject_1090_T4_Meaningful_Text_raw.csv,bino,8,205,0.21,404.74074074074076,305.14285714285717,200.08814384196396,268.24195777684963,886.5168672839507,1.6085335191253827,7.487937428734574,0.22401912232313456,0.6033220834894111
Subject_1090_T4_Meaningful_Text_raw.csv,bino,9,202,0.22,411.2345679012346,302.35897435897436,193.97217447547197,282.39262377295967,886.5833410493829,1.599260890978673,7.4940407271862135,0.22674618915956724,0.640389883861749
Subject_1090_T4_Meaningful_Text_raw.csv,bino,10,202,0.21,411.3333333333333,301.94871794871796,193.76511669305773,282.65055551976855,886.5851697530863,1.5993328167634568,7.4940407271862135,0.22638488238490043,0.6423084029611305
Subject_1090_T4_Meaningful_Text_raw.csv,bino,11,202,0.27,408.72049689440996,317.0,196.5761938791165,279.71802360263433,890.4646661490683,1.601192114048295,7.4940407271862135,0.22222225368791734,0.604078989561909
Subject_1095_T4_Meaningful_Text_raw.csv,dup,0,184,0.16,374.54814814814813,260.0833333333333,186.89478249063623,213.5975392886588,871.1223703703704,1.9030246514498788,6.16055885219376,0.39482683061098406,0.7738917521749302
Subject_1095_T4_Meaningful_Text_raw.csv,dup,1,183,0.2,371.6764705882353,271.7391304347826,194.55260099974402,214.48636935635963,872.132830882353,1.888992410202827,6.160424527873893,0.40333730010819724,0.760973886227673
Subject_1095_T4_Meaningful_Text_raw.csv,dup,2,181,0.2,377.7910447761194,272.2608695652174,194.39878721023203,213.45313527150577,874.1359701492537,1.9170132805616833,6.160424527873893,0.3900983556075397,0.7601949002609129
Subject_1095_T4_Meaningful_Text_raw.csv,dup,3,184,0.18,370.79411764705884,267.5744680851064,194.58758840400708,213.59427910890525,873.7260661764706,1.8913872235277998,6.160424527873893,0.3947644957840122,0.759460718314686
Subject_1095_T4_Meaningful_Text_raw.csv,dup,4,182,0.2,374.5777777777778,271.82608695652175,194.1473336040381,213.41199504260356,872.0877222222222,1.9029219550811376,6.160424527873893,0.3918601768942039,0.761260883692077
Subject_1095_T4_Meaningful_Text_raw.csv,dup,5,181,0.2,376.8888888888889,272.6222222222222,196.6636484388611,217.22282285568068,871.1377962962963,1.9016926680789215,6.160424527873893,0.39470610000127815,0.7646346369862221
Subject_1095_T4_Meaningful_Text_raw.csv,dup,6,184,0.15,376.74074074074076,257.1666666666667,188.46743013640904,216.46707883482344,871.9982037037038,1.9078266636160766,6.160424527873893,0.3927193200894861,0.7709955307061133
Subject_1095_T4_Meaningful_Text_raw.csv,dup,7,185,0.14,374.6074074074074,256.16326530612247,187.56085781755252,212.94567529817496,872.973888888889,1.904677489653264,6.160424527873893,0.38661068415338745,0.7744613530519351
Subject_1095_T4_Meaningful_Text_raw.csv,dup,8,184,0.16,375.34814814814814,260.3333333333333,186.85793771977922,213.37597722319782,872.0837777777778,1.9029267237861207,6.160424527873893,0.39141612655680924,0.7737402413037436
Subject_1095_T4_Meaningful_Text_raw.csv,dup,9,184,0.16,375.34814814814814,260.25,186.93565069295906,213.41332138995418,872.088388888889,1.9029975417487137,6.160424527873893,0.3917893098076912,0.7744418494072439
Subject_1095_T4_Meaningful_Text_raw.csv,dup,10,184,0.16,374.93333333333334,260.1666666666667,186.83675286790395,213.6653910636308,871.1061851851853,1.9029689575085034,6.160424527873893,0.39435584117251565,0.7730217057629821
Subject_1095_T4_Meaningful_Text_raw.csv,dup,11,182,0.2,374.9925925925926,272.17391304347825,194.52677298106607,213.92662502272103,872.1131296296297,1.902742229728462,6.160424527873893,0.3916965421427377,0.7609621603691714
Subject_1095_T4_Meaningful_Text_raw.csv,mono,0,181,0.16,383.0375939849624,260.6808510638298,189.15681959494796,217.76299716149072,869.7846616541354,1.9303349110616834,6.160424527873893,0.37931371308109463,0.777986927455055
Subject_1095_T4_Meaningful_Text_raw.csv,mono,1,183,0.21,372.44117647058823,272.17391304347825,194.26733086448124,214.74091312295226,872.1757720588236,1.8887472880400424,6.160424527873893,0.40289652239685214,0.7600455639224958
Subject_1095_T4_Meaningful_Text_raw.csv,mono,2,181,0.2,377.55223880597015,272.3478260869565,194.6177097030399,213.36332979999725,874.130130597015,1.9170621616813277,6.160424527873893,0.38992140657604546,0.7603178222743115
Subject_1095_T4_Meaningful_Text_raw.csv,mono,3,179,0.22,381.83458646616543,276.8888888888889,194.05362629062932,218.8723180335643,865.6794360902255,1.92437468815782,6.160424527873893,0.3871399301623396,0.7620302794877749
Subject_1095_T4_Meaningful_Text_raw.csv,mono,4,185,0.14,373.7185185185185,256.40816326530614,186.5996389050192,212.29579375661083,873.7513703703704,1.9053613006988876,6.160424527873893,0.38519670490204655,0.7724957296059899
Subject_1095_T4_Meaningful_Text_raw.csv,mono,5,182,0.17,376.3851851851852,267.30434782608694,197.2441512402528,215.63053016767748,872.9291851851852,1.903518073751977,6.160424527873893,0.38366492713535916,0.7646255589272843
Subject_1095_T4_Meaningful_Text_raw.csv,mono,6,185,0.15,374.63703703703703,256.9795918367347,186.65087892617873,213.37710483504716,871.9847407407408,1.9092523675023165,6.160424527873893,0.3926804054181074,0.7677011645101716
Subject_1095_T4_Meaningful_Text_raw.csv,mono,7,183,0.13,379.96992481203006,255.91836734693877,187.5339247388234,213.35841472196597,873.9677443609022,1.9332891642491425,6.160424527873893,0.366442019019791,0.7748049240728504
Subject_1095_T4_Meaningful_Text_raw.csv,mono,8,182,0.16,380.23880597014926,260.59574468085106,188.8121502101987,216.81684495891886,875.3711007462687,1.915766867926758,6.160424527873893,0.38402620586143366,0.7783509961498385
Subject_1095_T4_Meaningful_Text_raw.csv,mono,9,184,0.14,376.47407407407405,256.25,189.33815648199388,216.55456360237073,873.196462962963,1.9034653111714095,6.16055885219376,0.38593310983068035,0.778368147001344
Subject_1095_T4_Meaningful_Text_raw.csv,mono,10,184,0.18,371.55882352941177,267.2340425531915,195.25196081680383,215.58286052989766,873.2768933823529,1.8907912559087885,6.160424527873893,0.3974904598374786,0.7610772855816385
Subject_1095_T4_Meaningful_Text_raw.csv,mono,11,182,0.18,376.8059701492537,267.74468085106383,194.51264445964784,212.06505371324198,870.6722201492537,1.923453204477145,6.160424527873893,0.385285554949753,0.7548577094733232
Subject_1095_T4_Meaningful_Text_raw.csv,mono_r,0,195,0.15,362.463768115942,233.78571428571428,153.99057418808306,237.97486682139098,862.3827355072464,1.9207455016333126,5.672852871728219,0.48005566660108334,0.9673469731508818
Subject_1095_T4_Meaningful_Text_raw.csv,mono_r,1,194,0.15,366.231884057971,228.5818181818182,150.95414004489646,243.56351509586565,866.2254166666668,1.9227161753569104,5.672852871728219,0.49384795638659396,0.966925532071705
Subject_1095_T4_Meaningful_Text_raw.csv,mono_r,2,194,0.12,371.2463768115942,217.96363636363637,134.11500677151054,243.9961956253563,870.765018115942,1.9223111311792505,5.672852871728219,0.4817933293572159,0.9874773511886058
Subject_1095_T4_Meaningful_Text_raw.csv,mono_r,3,190,0.19,370.962962962963,242.59259259259258,162.1250681508202,246.03471592530028,858.7785370370372,1.9622433837769284,5.672852871728219,0.49045912206788733,0.9715105433833686
Subject_1095_T4_Meaningful_Text_raw.csv,mono_r,4,195,0.14,363.2517985611511,228.29090909090908,150.93185370494166,240.43006481797585,869.574154676259,1.9092587985041998,5.672852871728219,0.4897310496625855,0.9667689282920328
Subject_1095_T4_Meaningful_Text_raw.csv,mono_r,5,195,0.16,360.2,236.0,157.01096918510007,238.39709832368317,866.7094107142857,1.8946714452736748,5.672852871728219,0.4852341973008422,0.9749927552593405
Subject_1095_T4_Meaningful_Text_raw.csv,mono_r,6,196,0.14,361.0,228.14545454545456,150.7951552370805,237.28876750422359,866.6983571428572,1.8958593991520762,5.672852871728219,0.48809965919528286,0.9671850960774302
Subject_1095_T4_Meaningful_Text_raw.csv,mono_r,7,192,0.15,372.2919708029197,226.14814814814815,141.79946813453606,244.43279012622034,865.2349817518249,1.9342213067518341,5.6658649131444125,0.4859648205893563,0.97880194787493
Subject_1095_T4_Meaningful_Text_raw.csv,mono_r,8,194,0.16,362.57971014492756,237.8909090909091,156.39363771380016,238.34928476834202,862.3757246376812,1.9200427905257138,5.672852871728219,0.4819602052464571,0.9693504957289987
Subject_1095_T4_Meaningful_Text_raw.csv,mono_r,9,194,0.16,362.57971014492756,237.96363636363637,156.14980728149996,238.21639379147925,862.3645289855071,1.9200174827906251,5.672852871728219,0.4817044360003052,0.9688261629296109
Subject_1095_T4_Meaningful_Text_raw.csv,mono_r,10,192,0.15,371.5620437956204,229.11111111111111,143.15889471423867,244.68108406516745,865.2471715328469,1.933592472733305,5.672852871728219,0.48462072453601357,0.985919162428501
Subject_1095_T4_Meaningful_Text_raw.csv,mono_r,11,194,0.15,365.51428571428573,226.18867924528303,137.4035588514652,240.3424523887446,866.7121428571429,1.8946161208142234,5.672852871728219,0.49206892523107554,0.9838092370629565
Subject_1095_T4_Meaningful_Text_raw.csv,bino,0,165,0.15,429.0625,230.88888888888889,123.75822706160628,283.132705892494,852.87025390625,2.0097138059846262,5.925331331915562,0.3814972907862123,0.9951274392663895
Subject_1095_T4_Meaningful_Text_raw.csv,bino,1,164,0.18,429.00787401574803,244.11111111111111,165.15174466360355,305.6995400786255,853.710531496063,2.0206656358411026,5.925331331915562,0.3889764025518678,0.977183940912684
Subject_1095_T4_Meaningful_Text_raw.csv,bino,2,165,0.21,423.68503937007875,254.59459459459458,173.97661530643794,303.4978153631607,853.730964566929,2.0210272869746717,5.925331331915562,0.38922833147234065,0.9527050617635364
Subject_1095_T4_Meaningful_Text_raw.csv,bino,3,167,0.28,406.65625,291.57894736842104,285.580169551384,276.9998088735075,859.382705078125,2.0058689367119955,5.925331331915562,0.3904282967363413,0.9508335306861441
Subject_1095_T4_Meaningful_Text_raw.csv,bino,4,168,0.19,416.0,250.31578947368422,173.14096861762792,275.8959174330708,856.1627906976744,1.9911501469085382,5.925331331915562,0.3959510735692948,0.9469560883728961
Subject_1095_T4_Meaningful_Text_raw.csv,bino,5,166,0.17,424.53125,240.64864864864865,162.86492765582162,306.18991807568494,857.033134765625,2.0096409050629465,5.925331331915562,0.39005146944209634,0.9658394885053168
Subject_1095_T4_Meaningful_Text_raw.csv,bino,6,167,0.19,419.09375,251.05263157894737,172.65099377347798,303.75240487613263,857.0326953125,2.0100022439530676,5.925331331915562,0.3914938311487212,0.9423529595826137
Subject_1095_T4_Meaningful_Text_raw.csv,bino,7,167,0.19,419.15625,250.8421052631579,172.54725154757028,303.82777995966666,857.03111328125,2.010056919656469,5.925331331915562,0.3910660094549192,0.9422519754056736
Subject_1095_T4_Meaningful_Text_raw.csv,bino,8,163,0.28,420.22222222222223,286.8888888888889,286.31080409794157,309.5694948784253,857.789126984127,2.030898252243585,5.925331331915562,0.39035127196824976,0.9834976916610214
Subject_1095_T4_Meaningful_Text_raw.csv,bino,9,166,0.2,420.53125,254.3783783783784,173.88274262029032,277.3186515360377,852.937666015625,2.0052039219856295,5.925331331915562,0.3858196631723991,0.9528124658644951
Subject_1095_T4_Meaningful_Text_raw.csv,bino,10,165,0.18,425.375,243.88888888888889,164.4289407105996,305.94590974188066,856.998046875,2.0049087076594265,5.925331331915562,0.39327192763470986,0.9772737455690419
Subject_1095_T4_Meaningful_Text_raw.csv,bino,11,166,0.19,422.3622047244094,251.05263157894737,172.55097604818133,303.6309576698476,853.7702657480313,2.0258572489122844,5.925331331915562,0.3871652079091959,0.9422288612968852
Subject_1109_T4_Meaningful_Text_raw.csv,dup,0,162,0.1,331.929203539823,282.4166666666667,146.32097043448314,159.90883128844376,878.0961946902654,2.5074190177719706,28.418076577750618,0.31540064353607095,0.5809547063914955
Subject_1109_T4_Meaningful_Text_raw.csv,dup,1,161,0.12,331.78761061946904,289.1063829787234,146.80182531802657,159.651075885517,878.130353982301,2.5055229229097438,28.418076577750618,0.3143944842304226,0.5873938202071759
Subject_1109_T4_Meaningful_Text_raw.csv,dup,2,162,0.1,331.8938053097345,283.0,146.28852768871977,159.8332330869414,878.0988053097345,2.5073689808481694,28.418076577750618,0.31492616724683375,0.5793942897654355
Subject_1109_T4_Meaningful_Text_raw.csv,dup,3,162,0.1,332.0353982300885,282.8333333333333,146.13226505083978,159.76266691367226,878.0997787610619,2.507578747011546,28.418076577750618,0.31495358616094177,0.5793465971355826
Subject_1109_T4_Meaningful_Text_raw.csv,dup,4,162,0.1,331.85840707964604,283.0833333333333,146.06445970491552,159.82025607186466,878.0956858407079,2.507370168851552,28.418076577750618,0.31490113212953746,0.5790827666666616
Subject_1109_T4_Meaningful_Text_raw.csv,dup,5,160,0.11,337.30973451327435,283.39130434782606,142.9453343765994,162.4230413919158,878.018650442478,2.499139446374119,28.41757019033448,0.3153502692295381,0.5963268587519782
Subject_1109_T4_Meaningful_Text_raw.csv,dup,6,162,0.1,332.1061946902655,282.5833333333333,146.26343717947955,159.8205135625685,878.0959513274336,2.507589451493086,28.418076577750618,0.31543999370516085,0.5808621113475773
Subject_1109_T4_Meaningful_Text_raw.csv,dup,7,161,0.12,331.82300884955754,288.6808510638298,146.97475631896918,159.71404947960212,878.1314159292036,2.5055539248766587,28.418076577750618,0.31438017839633603,0.5878868120106734
Subject_1109_T4_Meaningful_Text_raw.csv,dup,8,161,0.11,333.94690265486724,284.7659574468085,146.96623041929655,161.04376572652433,878.1638938053096,2.500998069710889,28.418076577750618,0.31525043194795077,0.5919339185553392
Subject_1109_T4_Meaningful_Text_raw.csv,dup,9,161,0.12,331.8938053097345,288.93617021276594,146.86792507256294,159.58877751835453,878.1351991150442,2.5056933616482757,28.418076577750618,0.3144075979288055,0.5872992550559404
Subject_1109_T4_Meaningful_Text_raw.csv,dup,10,162,0.1,331.8938053097345,283.0,146.0741820674231,159.769573824343,878.0962168141594,2.507408315229283,28.418076577750618,0.3149142458674191,0.5794391921795008
Subject_1109_T4_Meaningful_Text_raw.csv,dup,11,161,0.12,332.21238938053096,289.1063829787234,147.0566881638699,159.80341304418437,878.1247566371682,2.5055340596281677,28.41757019033448,0.31315853448600983,0.5867947891815614
Subject_1109_T4_Meaningful_Text_raw.csv,mono,0,162,0.1,331.929203539823,282.5,146.40725164189556,159.92702191806856,878.0967699115045,2.507388023404667,28.418076577750618,0.3153791848726611,0.5809041889462866
Subject_1109_T4_Meaningful_Text_raw.csv,mono,1,161,0.12,331.75221238938053,289.1063829787234,146.80182531802657,159.6044182025906,878.1485840707966,2.505461049000313,28.418076577750618,0.3143790051891278,0.5873938202071759
Subject_1109_T4_Meaningful_Text_raw.csv,mono,2,160,0.12,333.91150442477874,291.30434782608694,147.5841498449079,160.79831311304233,878.2046460176991,2.4992927141594463,28.418076577750618,0.3138186747956216,0.5980283687591597
Subject_1109_T4_Meaningful_Text_raw.csv,mono,3,162,0.1,332.0353982300885,282.6666666666667,146.3132104615149,159.81593016601005,878.0992920353982,2.5075787378194874,28.418076577750618,0.3149893507899893,0.5797788008312984
Subject_1109_T4_Meaningful_Text_raw.csv,mono,4,161,0.13,329.20353982300884,297.27659574468083,154.35158844824423,157.90293093106442,878.2506194690264,2.5016121148698947,28.41757019033448,0.3131623463724509,0.584946077776148
Subject_1109_T4_Meaningful_Text_raw.csv,mono,5,159,0.11,337.17857142857144,291.5652173913044,151.2204915050857,160.64107162935906,874.0575,2.517081283634192,29.128171857648542,0.29414215451461256,0.5945316698101524
Subject_1109_T4_Meaningful_Text_raw.csv,mono,6,160,0.12,334.01769911504425,290.8695652173913,147.80401369728887,160.92032189875832,878.1997566371682,2.499303419231804,28.418076577750618,0.31429554449850733,0.5996097748934149
Subject_1109_T4_Meaningful_Text_raw.csv,mono,7,161,0.12,331.82300884955754,288.8510638297872,146.7838153759299,159.65363149425588,878.1314159292036,2.5055539248766587,28.418076577750618,0.31438017839633603,0.5874454124916446
Subject_1109_T4_Meaningful_Text_raw.csv,mono,8,161,0.11,333.87610619469024,284.7659574468085,146.96623041929655,161.01490161386593,878.164646017699,2.500998058426629,28.418076577750618,0.31525043194421415,0.5919339185553392
Subject_1109_T4_Meaningful_Text_raw.csv,mono,9,162,0.1,331.929203539823,282.6666666666667,146.25396480855562,159.77495986266433,878.1005088495576,2.5075584636385306,28.418076577750618,0.31540183565760094,0.5804635879892709
Subject_1109_T4_Meaningful_Text_raw.csv,mono,10,160,0.12,334.4778761061947,291.39130434782606,151.0749135018883,160.4766318658265,878.147057522124,2.495252063763904,28.41757019033448,0.3134973426711318,0.5939342416630164
Subject_1109_T4_Meaningful_Text_raw.csv,mono,11,159,0.12,339.646017699115,285.8666666666667,143.7419910812425,163.5221480405825,878.0821902654868,2.4927613728472116,28.41757019033448,0.3130846227003179,0.6075638645184853
Subject_1109_T4_Meaningful_Text_raw.csv,mono_r,0,160,0.15,341.39285714285717,281.8723404255319,164.35322845333172,165.8247192067576,895.2060267857141,2.6052692042659276,27.92774620699636,0.38715550027302825,0.9102360956154911
Subject_1109_T4_Meaningful_Text_raw.csv,mono_r,1,160,0.15,341.5,282.0425531914894,164.36362871555568,166.32388395837802,895.2322767857142,2.6052669096752417,27.914932095506042,0.3869631701831696,0.9103506590884975
Subject_1109_T4_Meaningful_Text_raw.csv,mono_r,2,161,0.14,339.43362831858406,279.48936170212767,164.25121811659136,166.2271557372686,889.4716814159292,2.5859478458326715,27.914932095506042,0.38529950083364345,0.9115573195786317
Subject_1109_T4_Meaningful_Text_raw.csv,mono_r,3,160,0.14,342.60714285714283,279.40425531914894,164.25404034338487,166.8095751897954,883.7536160714286,2.6078552383921396,27.92774620699636,0.37849706494806773,0.9118094592248133
Subject_1109_T4_Meaningful_Text_raw.csv,mono_r,4,160,0.15,341.5,281.8723404255319,164.421567284038,166.30550013454155,895.2004464285712,2.6053075362977864,27.914932095506042,0.3870040694228101,0.9103449159847735
Subject_1109_T4_Meaningful_Text_raw.csv,mono_r,5,160,0.15,341.32142857142856,281.78723404255317,164.37799409718232,165.899802215072,895.2016964285714,2.6053219477333553,27.914932095506042,0.3869174685390903,0.9102074336043203
Subject_1109_T4_Meaningful_Text_raw.csv,mono_r,6,160,0.15,341.5,282.0425531914894,164.36362871555568,166.31185879245052,895.2391964285714,2.6052598476280857,27.92774620699636,0.38738883479273956,0.9103506590884975
Subject_1109_T4_Meaningful_Text_raw.csv,mono_r,7,160,0.15,341.2142857142857,281.8723404255319,164.440200217933,165.9524310608314,895.2308705357143,2.6052897339166043,27.914932095506042,0.3867731325114797,0.9101214404370268
Subject_1109_T4_Meaningful_Text_raw.csv,mono_r,8,160,0.15,341.07142857142856,282.5531914893617,164.46416003683873,166.4910639493904,895.2273214285714,2.605190011686529,27.914932095506042,0.3872458209765465,0.9105654967276902
Subject_1109_T4_Meaningful_Text_raw.csv,mono_r,9,160,0.15,341.39285714285717,282.63829787234044,164.39138890476875,166.30769487609408,895.2313839285714,2.605322174845881,27.914932095506042,0.3866540558233478,0.9102616819423714
Subject_1109_T4_Meaningful_Text_raw.csv,mono_r,10,160,0.15,341.35714285714283,282.0425531914894,164.36362871555568,165.87404671918992,895.2372098214286,2.6052826636490587,27.92774620699636,0.3871158034030628,0.9103822732353749
Subject_1109_T4_Meaningful_Text_raw.csv,mono_r,11,160,0.15,341.4642857142857,281.8723404255319,164.39257852240718,165.8540322090482,895.2062946428571,2.6052788345048614,27.92774620699636,0.3871542977279962,0.9101873739288526
Subject_1109_T4_Meaningful_Text_raw.csv,bino,0,157,0.22,343.716814159292,301.5813953488372,171.90833584482377,170.5810019025254,885.8651106194691,2.572100956727514,28.199148570556517,0.38213629542166533,0.9129124274074599
Subject_1109_T4_Meaningful_Text_raw.csv,bino,1,158,0.21,340.63157894736844,300.4651162790698,170.37569277952403,170.76766643042603,891.4641557017544,2.5508197725762765,28.203140176659087,0.3849686815679877,0.9130143538629943
Subject_1109_T4_Meaningful_Text_raw.csv,bino,2,157,0.21,343.6106194690266,300.83720930232556,170.2519241748394,170.46435591284296,885.8534955752211,2.572329547977288,28.199148570556517,0.3828918437589492,0.9125583861703539
Subject_1109_T4_Meaningful_Text_raw.csv,bino,3,157,0.21,343.57522123893807,300.09302325581393,170.2364721878157,170.3596518252461,885.8564712389381,2.572322002151051,28.203140176659087,0.38256061195800484,0.9125303789076644
Subject_1109_T4_Meaningful_Text_raw.csv,bino,4,157,0.21,343.82300884955754,300.4651162790698,170.37569277952403,170.17878211774354,885.8599004424779,2.572133729473136,28.203140176659087,0.3817561993664979,0.9129501830415497
Subject_1109_T4_Meaningful_Text_raw.csv,bino,5,157,0.21,343.646017699115,300.4651162790698,170.37569277952403,170.2785426901867,885.8635508849558,2.5721337539325497,28.203140176659087,0.3823877525630741,0.9129501830415497
Subject_1109_T4_Meaningful_Text_raw.csv,bino,6,157,0.21,343.6814159292035,300.4651162790698,170.37569277952403,170.39155209575213,885.8582853982301,2.5721337089274243,28.203140176659087,0.38236509982992417,0.9129501830415497
Subject_1109_T4_Meaningful_Text_raw.csv,bino,7,157,0.21,343.85840707964604,300.83720930232556,170.2519241748394,170.10283382715124,885.8587500000001,2.572320692841174,28.205484420698653,0.3815882819327668,0.9125302136036655
Subject_1109_T4_Meaningful_Text_raw.csv,bino,8,158,0.21,340.3859649122807,300.83720930232556,170.2519241748394,170.366762723046,891.4598574561404,2.5509850754502716,28.203140176659087,0.3857406333905816,0.9125302136036655
Subject_1109_T4_Meaningful_Text_raw.csv,bino,9,157,0.22,343.85840707964604,301.2093023255814,170.38950701118088,170.84426698132964,885.8560730088495,2.572155127523613,28.203140176659087,0.3823299308348374,0.9130141885589954
Subject_1109_T4_Meaningful_Text_raw.csv,bino,10,157,0.22,343.75221238938053,301.1162790697674,170.42617023929674,170.22381164381707,885.8584623893804,2.5721730053620835,28.203140176659087,0.38239132825668365,0.91298447862567
Subject_1109_T4_Meaningful_Text_raw.csv,bino,11,157,0.21,343.8938053097345,300.1860465116279,170.14785031874737,170.76114527921285,885.856935840708,2.5723433991984863,28.203140176659087,0.3825182921626243,0.9126791370366365
