PC_TIME,TIME,TIME_TICK,BPOGX,BPOGY,BPOGV
1784418391.5623,245.66232,2862870145,0.62879,0.88164,1
1784418391.5692,245.66928,2862939653,0.63851,0.87587,1
1784418391.5757,245.67570,2863004016,0.63976,0.87210,1
1784418391.5830,245.68307,2863077720,0.63976,0.87210,1
1784418391.5890,245.68909,2863137780,0.63312,0.88361,1
1784418391.5960,245.69606,2863207517,0.62987,0.87791,1
1784418391.6025,245.70250,2863271890,0.62936,0.87829,1
1784418391.6094,245.70943,2863341225,0.61935,0.88913,1
1784418391.6159,245.71590,2863405945,0.62961,0.89954,1
1784418391.6228,245.72281,2863474963,0.62961,0.89954,1
1784418391.6292,245.72928,2863539733,0.63450,0.91033,1
1784418391.6362,245.73621,2863609006,0.64364,0.91380,1
1784418391.6431,245.74310,2863677876,0.64359,0.91456,1
1784418391.6496,245.74960,2863743004,0.64003,0.91507,1
1784418391.6563,245.75638,2863810697,0.63123,0.90799,1
1784418391.6630,245.76300,2863876877,0.63118,0.90891,1
1784418391.6696,245.76968,2863943801,0.63415,0.90483,1
1784418391.6764,245.77640,2864010839,0.62733,0.90119,1
1784418391.6828,245.78288,2864075701,0.62773,0.89741,1
1784418391.6899,245.78990,2864145995,0.62968,0.90552,1
1784418391.6962,245.79628,2864209738,0.63171,0.89821,1
1784418391.7031,245.80319,2864278820,0.63208,0.89717,1
1784418391.7096,245.80968,2864343662,0.63988,0.89149,1
1784418391.7165,245.81657,2864412692,0.64588,0.90313,1
1784418391.7230,245.82307,2864477665,0.64587,0.90402,1
1784418391.7299,245.82999,2864546845,0.63184,0.87762,1
1784418391.7364,245.83647,2864611600,0.62044,0.90333,1
1784418391.7433,245.84337,2864680627,0.61999,0.90334,1
1784418391.7498,245.84987,2864745546,0.63388,0.90187,1
1784418391.7567,245.85677,2864814602,0.64351,0.89700,1
1784418391.7632,245.86325,2864879357,0.64392,0.89695,1
1784418391.7699,245.86993,2864946310,0.63768,0.89398,1
1784418391.7768,245.87689,2865015789,0.63144,0.87651,1
1784418391.7833,245.88336,2865080474,0.63184,0.87356,1
1784418391.7902,245.89026,2865149462,0.59970,0.82092,1
1784418391.7967,245.89674,2865214303,0.54874,0.83156,1
1784418391.8036,245.90366,2865283441,0.54877,0.83534,1
1784418391.8101,245.91014,2865348248,0.50514,0.78985,1
1784418391.8170,245.91705,2865417487,0.52067,0.77532,1
1784418391.8238,245.92384,2865485381,0.52153,0.77973,1
1784418391.8302,245.93024,2865549347,0.52508,0.74655,1
1784418391.8372,245.93727,2865619604,0.51593,0.73888,1
1784418391.8436,245.94365,2865683424,0.51498,0.73228,1
1784418391.8505,245.95055,2865752406,0.50767,0.70459,1
1784418391.8574,245.95749,2865821849,0.50491,0.68641,1
1784418391.8639,245.96394,2865886357,0.50494,0.68829,1
1784418391.8704,245.97041,2865951108,0.51531,0.68666,1
1784418391.8773,245.97734,2866020331,0.52337,0.70308,1
1784418391.8840,245.98405,2866087532,0.52378,0.70466,1
1784418391.8905,245.99051,2866152044,0.50241,0.68749,1
1784418391.8975,245.99757,2866222628,0.50268,0.68428,1
1784418391.9039,246.00391,2866286029,0.50151,0.67490,1
1784418391.9108,246.01085,2866355448,0.49614,0.65305,1
1784418391.9175,246.01758,2866422653,0.51091,0.66356,1
1784418391.9243,246.02438,2866490714,0.51040,0.65964,1
1784418391.9309,246.03091,2866556098,0.49225,0.64993,1
1784418391.9374,246.03741,2866621018,0.49436,0.67003,1
1784418391.9443,246.04431,2866690052,0.49560,0.67922,1
1784418391.9507,246.05078,2866754796,0.50179,0.70542,1
1784418391.9575,246.05751,2866822010,0.50821,0.71191,1
1784418391.9644,246.06444,2866891234,0.50983,0.72262,1
1784418391.9708,246.07089,2866955817,0.51808,0.71694,1
1784418391.9778,246.07784,2867025203,0.52011,0.71734,1
1784418391.9842,246.08429,2867089778,0.51922,0.71023,1
1784418391.9912,246.09128,2867159716,0.51423,0.70910,1
1784418391.9980,246.09801,2867226952,0.50898,0.70471,1
1784418392.0044,246.10440,2867290871,0.50793,0.69570,1
1784418392.0114,246.11145,2867361459,0.49985,0.69457,1
1784418392.0180,246.11801,2867427010,0.49939,0.68630,1
1784418392.0249,246.12492,2867496119,0.49992,0.68956,1
1784418392.0317,246.13173,2867564278,0.49478,0.69735,1
1784418392.0381,246.13814,2867628341,0.49465,0.69714,1
1784418392.0445,246.14456,2867692603,0.49531,0.70091,1
1784418392.0514,246.15149,2867761826,0.49416,0.62640,1
1784418392.0583,246.15833,2867830225,0.49458,0.58500,1
1784418392.0649,246.16490,2867895986,0.49351,0.58090,1
1784418392.0713,246.17137,2867960685,0.48962,0.51980,1
1784418392.0780,246.17807,2868027637,0.48206,0.47380,1
1784418392.0850,246.18500,2868096816,0.48398,0.48689,1
1784418392.0914,246.19147,2868161631,0.49049,0.49374,1
1784418392.0984,246.19843,2868231093,0.49028,0.48446,1
1784418392.1050,246.20508,2868297703,0.48973,0.48198,1
1784418392.1117,246.21178,2868364685,0.48917,0.47276,1
1784418392.1185,246.21851,2868432015,0.48793,0.44926,1
1784418392.1249,246.22496,2868496499,0.48786,0.44646,1
1784418392.1319,246.23196,2868566565,0.48803,0.45439,1
1784418392.1383,246.23834,2868630364,0.48937,0.45159,1
1784418392.1452,246.24527,2868699574,0.48946,0.45235,1
1784418392.1517,246.25174,2868764367,0.48436,0.47031,1
1784418392.1584,246.25844,2868831257,0.49454,0.44825,1
1784418392.1653,246.26538,2868900779,0.49460,0.45103,1
1784418392.1718,246.27187,2868965503,0.48697,0.47106,1
1784418392.1785,246.27855,2869032374,0.48781,0.47442,1
1784418392.1855,246.28555,2869102449,0.48772,0.47368,1
1784418392.1919,246.29193,2869166247,0.49487,0.47629,1
1784418392.1990,246.29900,2869236898,0.49229,0.46767,1
1784418392.2055,246.30556,2869302483,0.49224,0.46197,1
1784418392.2124,246.31245,2869371393,0.48506,0.45611,1
1784418392.2192,246.31920,2869438915,0.48447,0.44674,1
1784418392.2257,246.32573,2869504145,0.48384,0.44153,1
1784418392.2321,246.33212,2869568116,0.47753,0.43446,1
1784418392.2390,246.33904,2869637325,0.47670,0.43385,1
1784418392.2455,246.34554,2869702238,0.47670,0.43385,1
1784418392.2522,246.35223,2869769271,0.48405,0.42884,1
1784418392.2589,246.35890,2869836005,0.48096,0.42578,1
1784418392.2656,246.36560,2869902941,0.48032,0.42284,1
1784418392.2725,246.37253,2869972253,0.49401,0.39836,1
1784418392.2790,246.37901,2870036996,0.48821,0.37358,1
1784418392.2857,246.38573,2870104125,0.48816,0.37035,1
1784418392.2926,246.39268,2870173771,0.45696,0.22037,1
1784418392.2994,246.39948,2870241680,0.45778,0.18266,1
1784418392.3057,246.40579,2870304778,0.45778,0.18266,1
1784418392.3125,246.41251,2870371964,0.46064,0.15385,1
1784418392.3192,246.41920,2870438911,0.46542,0.14554,1
1784418392.3259,246.42592,2870506064,0.46708,0.16557,1
1784418392.3326,246.43260,2870572967,0.46550,0.19128,1
1784418392.3392,246.43929,2870639731,0.46759,0.19785,1
1784418392.3462,246.44626,2870709538,0.46929,0.21735,1
1784418392.3531,246.45317,2870778602,0.45879,0.19130,1
1784418392.3593,246.45938,2870840786,0.47157,0.19911,1
1784418392.3663,246.46632,2870910106,0.47059,0.18193,1
1784418392.3732,246.47325,2870979480,0.46624,0.17241,1
1784418392.3798,246.47984,2871045341,0.46040,0.13748,1
1784418392.3865,246.48653,2871112246,0.45711,0.10540,1
1784418392.3931,246.49310,2871177984,0.46536,0.09380,1
1784418392.3999,246.49995,2871246451,0.46374,0.09488,1
1784418392.4065,246.50653,2871312208,0.46455,0.10346,1
1784418392.4134,246.51341,2871380962,0.47306,0.11019,1
1784418392.4199,246.51991,2871446109,0.47159,0.12604,1
1784418392.4265,246.52658,2871512788,0.47313,0.14655,1
1784418392.4336,246.53369,2871583820,0.47259,0.16637,1
1784418392.4397,246.53979,2871644841,0.47425,0.16288,1
1784418392.4466,246.54669,2871713795,0.47574,0.17916,1
1784418392.4531,246.55318,2871778713,0.47347,0.18740,1
1784418392.4600,246.56009,2871847797,0.47275,0.18342,1
1784418392.4668,246.56686,2871915593,0.47275,0.18342,1
1784418392.4732,246.57327,2871979655,0.47112,0.18393,1
1784418392.4803,246.58037,2872050617,0.47060,0.17152,1
1784418392.4866,246.58667,2872113586,0.47060,0.17152,1
1784418392.4936,246.59369,2872183834,0.46607,0.17424,1
1784418392.5000,246.60007,2872247623,0.46515,0.17640,1
1784418392.5071,246.60716,2872318473,0.46515,0.17640,1
1784418392.5134,246.61345,2872381375,0.48562,0.16186,1
1784418392.5201,246.62015,2872448386,0.50134,0.17861,1
1784418392.5271,246.62712,2872518132,0.50082,0.17096,1
1784418392.5335,246.63354,2872582358,0.55140,0.17019,1
1784418392.5404,246.64047,2872651577,0.54698,0.16814,1
1784418392.5473,246.64731,2872720019,0.54662,0.16451,1
1784418392.5539,246.65392,2872786063,0.56382,0.17139,1
1784418392.5606,246.66068,2872853718,0.55819,0.18333,1
1784418392.5673,246.66739,2872920779,0.55850,0.18695,1
1784418392.5739,246.67395,2872986478,0.56086,0.18780,1
1784418392.5804,246.68045,2873051480,0.56253,0.18644,1
1784418392.5875,246.68755,2873122399,0.56245,0.17900,1
1784418392.5938,246.69388,2873185704,0.56098,0.17912,1
1784418392.6008,246.70081,2873254928,0.56294,0.18341,1
1784418392.6072,246.70724,2873319286,0.56273,0.18725,1
1784418392.6141,246.71419,2873388746,0.56298,0.19571,1
1784418392.6206,246.72063,2873453126,0.56665,0.20836,1
1784418392.6273,246.72733,2873520226,0.56670,0.21569,1
1784418392.6343,246.73430,2873589877,0.57103,0.21478,1
1784418392.6407,246.74071,2873653994,0.56353,0.22081,1
1784418392.6476,246.74763,2873723297,0.56378,0.22435,1
1784418392.6541,246.75410,2873788025,0.56834,0.22775,1
1784418392.6608,246.76086,2873855493,0.56948,0.22704,1
1784418392.6677,246.76776,2873924463,0.56928,0.23081,1
1784418392.6746,246.77461,2873992986,0.57572,0.22853,1
1784418392.6811,246.78113,2874058151,0.57969,0.23715,1
1784418392.6876,246.78760,2874122889,0.57993,0.23334,1
1784418392.6943,246.79433,2874190147,0.57214,0.22482,1
1784418392.7009,246.80098,2874256730,0.57326,0.19993,1
1784418392.7076,246.80769,2874323870,0.57326,0.17668,1
1784418392.7144,246.81441,2874390970,0.56462,0.16436,1
1784418392.7213,246.82138,2874460697,0.56741,0.16089,1
1784418392.7280,246.82803,2874527181,0.56737,0.15248,1
1784418392.7347,246.83473,2874594284,0.57437,0.14246,1
1784418392.7412,246.84120,2874658893,0.57404,0.14533,1
1784418392.7481,246.84811,2874728014,0.57403,0.15381,1
1784418392.7546,246.85460,2874792976,0.56331,0.14635,1
1784418392.7613,246.86130,2874859915,0.56548,0.15793,1
1784418392.7682,246.86823,2874929212,0.56532,0.17037,1
1784418392.7746,246.87469,2874993897,0.56518,0.17402,1
1784418392.7817,246.88174,2875064366,0.56541,0.18397,1
1784418392.7887,246.88870,2875133962,0.56546,0.19149,1
1784418392.7950,246.89502,2875197143,0.56325,0.19198,1
1784418392.8014,246.90147,2875261647,0.56585,0.19385,1
1784418392.8081,246.90817,2875328707,0.56585,0.19385,1
1784418392.8151,246.91515,2875398394,0.57472,0.19477,1
1784418392.8215,246.92155,2875462525,0.57233,0.19863,1
1784418392.8285,246.92850,2875531880,0.57233,0.19863,1
1784418392.8349,246.93497,2875596558,0.56906,0.19878,1
1784418392.8419,246.94193,2875666214,0.56579,0.19891,1
1784418392.8483,246.94836,2875730502,0.56620,0.19068,1
1784418392.8550,246.95508,2875797617,0.56967,0.17607,1
1784418392.8620,246.96205,2875867386,0.57652,0.17011,1
1784418392.8684,246.96844,2875931359,0.57635,0.15859,1
1784418392.8751,246.97514,2875998328,0.60087,0.15906,1
1784418392.8821,246.98210,2876067884,0.59647,0.17372,1
1784418392.8885,246.98856,2876132414,0.59646,0.18515,1
1784418392.8954,246.99547,2876201610,0.59022,0.19286,1
1784418392.9019,247.00194,2876266310,0.58719,0.19358,1
1784418392.9086,247.00864,2876333253,0.58674,0.19328,1
1784418392.9156,247.01561,2876403051,0.58341,0.20020,1
1784418392.9220,247.02206,2876467569,0.57798,0.20477,1
1784418392.9287,247.02876,2876534496,0.57794,0.21313,1
1784418392.9354,247.03545,2876601336,0.59210,0.21499,1
1784418392.9421,247.04216,2876668458,0.59770,0.21582,1
1784418392.9491,247.04915,2876738407,0.59820,0.21500,1
1784418392.9557,247.05577,2876804649,0.59002,0.20733,1
1784418392.9624,247.06247,2876871625,0.58630,0.19313,1
1784418392.9692,247.06927,2876939690,0.58619,0.18165,1
1784418392.9762,247.07623,2877009244,0.57342,0.17425,1
1784418392.9823,247.08232,2877070154,0.57887,0.18992,1
1784418392.9892,247.08925,2877139352,0.57858,0.19468,1
1784418392.9957,247.09575,2877204367,0.58579,0.20535,1
1784418393.0024,247.10243,2877271225,0.59409,0.21988,1
1784418393.0094,247.10945,2877341454,0.59394,0.22712,1
1784418393.0158,247.11584,2877405402,0.59591,0.23222,1
1784418393.0228,247.12286,2877475478,0.59346,0.22621,1
1784418393.0292,247.12921,2877539035,0.59394,0.22550,1
1784418393.0361,247.13612,2877608222,0.59049,0.22476,1
1784418393.0426,247.14261,2877672966,0.59054,0.21427,1
1784418393.0493,247.14932,2877740135,0.59068,0.20600,1
1784418393.0562,247.15622,2877809174,0.58814,0.20050,1
1784418393.0627,247.16272,2877874088,0.58886,0.20307,1
1784418393.0694,247.16942,2877941030,0.58886,0.20307,1
1784418393.0761,247.17612,2878008119,0.58818,0.20172,1
1784418393.0830,247.18306,2878077452,0.58931,0.20289,1
1784418393.0894,247.18948,2878141750,0.58931,0.20289,1
1784418393.0964,247.19647,2878211592,0.59475,0.20317,1
1784418393.1031,247.20312,2878278133,0.59615,0.20391,1
1784418393.1098,247.20985,2878345391,0.59580,0.20816,1
1784418393.1162,247.21629,2878409786,0.58669,0.21566,1
1784418393.1232,247.22322,2878479045,0.58114,0.20006,1
1784418393.1299,247.22998,2878546748,0.58085,0.20498,1
1784418393.1364,247.23640,2878610904,0.58428,0.21044,1
1784418393.1434,247.24342,2878681160,0.58755,0.20800,1
1784418393.1501,247.25018,2878748763,0.58755,0.20800,1
1784418393.1568,247.25687,2878815566,0.59248,0.20785,1
1784418393.1634,247.26341,2878881005,0.58263,0.23488,1
1784418393.1701,247.27011,2878948079,0.58263,0.23488,1
1784418393.1765,247.27658,2879012788,0.57257,0.29953,1
1784418393.1832,247.28328,2879079776,0.54930,0.35700,1
1784418393.1899,247.28998,2879146643,0.54930,0.35700,1
1784418393.1969,247.29692,2879216192,0.53166,0.46296,1
1784418393.2036,247.30363,2879283307,0.53094,0.49832,1
1784418393.2100,247.31007,2879347610,0.53076,0.48681,1
1784418393.2167,247.31677,2879414686,0.51081,0.47792,1
1784418393.2234,247.32344,2879481356,0.50694,0.46356,1
1784418393.2301,247.33017,2879548611,0.50593,0.45581,1
1784418393.2371,247.33710,2879617868,0.50483,0.46943,1
1784418393.2435,247.34357,2879682527,0.50746,0.47864,1
1784418393.2502,247.35027,2879749597,0.50899,0.49755,1
1784418393.2569,247.35696,2879816534,0.51922,0.50541,1
1784418393.2636,247.36365,2879883421,0.52996,0.51611,1
1784418393.2705,247.37057,2879952620,0.53030,0.52110,1
1784418393.2774,247.37744,2880021266,0.52380,0.52602,1
1784418393.2837,247.38376,2880084506,0.52050,0.51911,1
1784418393.2904,247.39046,2880151433,0.52010,0.51155,1
1784418393.2976,247.39760,2880222932,0.51519,0.50489,1
1784418393.3041,247.40417,2880288650,0.52041,0.49676,1
1784418393.3105,247.41054,2880352358,0.52009,0.48876,1
1784418393.3174,247.41748,2880421770,0.50732,0.49919,1
1784418393.3239,247.42395,2880486418,0.51552,0.47324,1
1784418393.3308,247.43086,2880555609,0.51503,0.47055,1
1784418393.3376,247.43767,2880623545,0.50526,0.48901,1
1784418393.3444,247.44443,2880691189,0.51981,0.49881,1
1784418393.3511,247.45111,2880758022,0.52025,0.50436,1
1784418393.3577,247.45773,2880824301,0.52271,0.51110,1
1784418393.3641,247.46413,2880888160,0.52053,0.50587,1
1784418393.3708,247.47084,2880955367,0.52053,0.50587,1
1784418393.3778,247.47784,2881025319,0.52122,0.51581,1
1784418393.3842,247.48421,2881089015,0.52050,0.49630,1
1784418393.3911,247.49115,2881158371,0.52050,0.49630,1
1784418393.3976,247.49762,2881223065,0.52030,0.50927,1
1784418393.4043,247.50432,2881290092,0.52150,0.50906,1
1784418393.4112,247.51128,2881359729,0.52150,0.50906,1
1784418393.4177,247.51772,2881424104,0.52274,0.51297,1
1784418393.4246,247.52463,2881493241,0.52908,0.51291,1
1784418393.4311,247.53111,2881557989,0.52908,0.51291,1
1784418393.4378,247.53786,2881625554,0.53216,0.52612,1
1784418393.4447,247.54478,2881694741,0.53350,0.50476,1
1784418393.4512,247.55121,2881758977,0.53360,0.50189,1
1784418393.4581,247.55812,2881828170,0.51727,0.50797,1
1784418393.4646,247.56461,2881892911,0.53150,0.50051,1
1784418393.4713,247.57130,2881959952,0.53066,0.49236,1
1784418393.4782,247.57826,2882029591,0.53200,0.45888,1
1784418393.4847,247.58472,2882094081,0.51510,0.46394,1
1784418393.4914,247.59143,2882161170,0.51557,0.46964,1
1784418393.4983,247.59837,2882230597,0.51818,0.48322,1
1784418393.5048,247.60483,2882295250,0.51848,0.49286,1
1784418393.5117,247.61176,2882364458,0.51893,0.49847,1
1784418393.5184,247.61844,2882431294,0.52397,0.49979,1
1784418393.5252,247.62526,2882499480,0.52221,0.50158,1
1784418393.5320,247.63200,2882567019,0.52232,0.49871,1
1784418393.5386,247.63867,2882633660,0.53048,0.49303,1
1784418393.5456,247.64566,2882703461,0.52955,0.48388,1
1784418393.5519,247.65193,2882766198,0.52919,0.47826,1
1784418393.5584,247.65840,2882830884,0.53747,0.48042,1
1784418393.5653,247.66530,2882899854,0.53227,0.49730,1
1784418393.5721,247.67215,2882968475,0.53221,0.50003,1
1784418393.5787,247.67870,2883033829,0.52840,0.50536,1
1784418393.5851,247.68518,2883098681,0.53606,0.50787,1
1784418393.5918,247.69186,2883165484,0.53663,0.51812,1
1784418393.5988,247.69884,2883235266,0.53310,0.51239,1
1784418393.6052,247.70526,2883299542,0.52792,0.52231,1
1784418393.6121,247.71219,2883368789,0.52818,0.52970,1
1784418393.6186,247.71866,2883433433,0.52333,0.54619,1
1784418393.6253,247.72536,2883500545,0.52188,0.55150,1
1784418393.6323,247.73235,2883570419,0.52142,0.54608,1
1784418393.6387,247.73875,2883634388,0.51567,0.49025,1
1784418393.6456,247.74568,2883703656,0.53411,0.48773,1
1784418393.6521,247.75217,2883768652,0.53371,0.47131,1
1784418393.6588,247.75887,2883835531,0.52428,0.46424,1
1784418393.6659,247.76593,2883906165,0.53276,0.45509,1
1784418393.6724,247.77246,2883971568,0.53247,0.45006,1
1784418393.6789,247.77896,2884036451,0.53697,0.45615,1
1784418393.6856,247.78563,2884103229,0.53758,0.46098,1
1784418393.6925,247.79257,2884172568,0.53812,0.47167,1
1784418393.6993,247.79938,2884240701,0.53441,0.47791,1
1784418393.7059,247.80595,2884306474,0.53658,0.48122,1
1784418393.7128,247.81282,2884375186,0.53685,0.48621,1
1784418393.7194,247.81940,2884440913,0.53354,0.48676,1
1784418393.7261,247.82610,2884507924,0.53697,0.47994,1
1784418393.7331,247.83319,2884578831,0.53656,0.47793,1
1784418393.7395,247.83951,2884641971,0.52257,0.48874,1
1784418393.7459,247.84593,2884706206,0.52665,0.49040,1
1784418393.7529,247.85291,2884776022,0.52670,0.49111,1
1784418393.7593,247.85934,2884840307,0.53490,0.49734,1
1784418393.7662,247.86624,2884909341,0.52262,0.56523,1
1784418393.7730,247.87303,2884977279,0.52223,0.55755,1
1784418393.7794,247.87943,2885041205,0.50581,0.62696,1
1784418393.7863,247.88634,2885110278,0.50554,0.64255,1
1784418393.7928,247.89285,2885175379,0.50499,0.63842,1
1784418393.7995,247.89954,2885242237,0.50222,0.63576,1
1784418393.8064,247.90649,2885311918,0.50224,0.64593,1
1784418393.8134,247.91341,2885380990,0.50286,0.65226,1
1784418393.8198,247.91985,2885445435,0.50648,0.66350,1
1784418393.8263,247.92632,2885510024,0.50863,0.66920,1
1784418393.8332,247.93327,2885579613,0.50918,0.67514,1
1784418393.8399,247.93993,2885646146,0.51314,0.68196,1
1784418393.8466,247.94662,2885713194,0.51343,0.68822,1
1784418393.8531,247.95311,2885777958,0.51437,0.69336,1
1784418393.8600,247.96002,2885847092,0.51654,0.69763,1
1784418393.8664,247.96649,2885911804,0.52189,0.69833,1
1784418393.8736,247.97368,2885983683,0.52149,0.69485,1
1784418393.8801,247.98012,2886048036,0.51315,0.69199,1
1784418393.8866,247.98660,2886112893,0.51528,0.69138,1
1784418393.8933,247.99330,2886179903,0.51484,0.68794,1
1784418393.9003,248.00038,2886250666,0.50647,0.68629,1
1784418393.9069,248.00691,2886316079,0.50580,0.68823,1
1784418393.9137,248.01378,2886384770,0.50580,0.68823,1
1784418393.9203,248.02032,2886450131,0.50803,0.69114,1
1784418393.9270,248.02702,2886517122,0.51069,0.66869,1
1784418393.9334,248.03348,2886581667,0.51069,0.66869,1
1784418393.9401,248.04018,2886648705,0.50136,0.66879,1
1784418393.9471,248.04718,2886718703,0.49863,0.68867,1
1784418393.9535,248.05359,2886782789,0.49863,0.68867,1
1784418393.9605,248.06050,2886851855,0.49892,0.68826,1
1784418393.9673,248.06732,2886920198,0.49616,0.68599,1
1784418393.9739,248.07390,2886985908,0.49616,0.68599,1
1784418393.9803,248.08038,2887050678,0.50591,0.68005,1
1784418393.9873,248.08730,2887119798,0.50420,0.67799,1
1784418393.9939,248.09399,2887186811,0.50420,0.67799,1
1784418394.0004,248.10046,2887251586,0.51072,0.68137,1
1784418394.0071,248.10718,2887318746,0.50907,0.67956,1
1784418394.0140,248.11409,2887387869,0.50956,0.68306,1
1784418394.0205,248.12054,2887452325,0.51174,0.68183,1
1784418394.0274,248.12747,2887521653,0.50848,0.68685,1
1784418394.0343,248.13432,2887590145,0.50848,0.68685,1
1784418394.0409,248.14091,2887656003,0.51227,0.68248,1
1784418394.0473,248.14737,2887720551,0.50817,0.67759,1
1784418394.0540,248.15407,2887787616,0.50711,0.66999,1
1784418394.0610,248.16101,2887857079,0.49326,0.67170,1
1784418394.0674,248.16747,2887921524,0.51130,0.67170,1
1784418394.0743,248.17439,2887990822,0.51177,0.67306,1
1784418394.0810,248.18106,2888057538,0.50550,0.67957,1
1784418394.0878,248.18785,2888125354,0.50211,0.68775,1
1784418394.0942,248.19426,2888189563,0.50215,0.68986,1
1784418394.1012,248.20125,2888259428,0.50512,0.69203,1
1784418394.1076,248.20766,2888323546,0.50241,0.68975,1
1784418394.1145,248.21458,2888392718,0.50188,0.68635,1
1784418394.1213,248.22133,2888460241,0.49629,0.68419,1
1784418394.1277,248.22774,2888524261,0.49816,0.68088,1
1784418394.1346,248.23466,2888593636,0.49863,0.68218,1
1784418394.1413,248.24135,2888660446,0.45979,0.67815,1
1784418394.1478,248.24783,2888725310,0.46447,0.67609,1
1784418394.1545,248.25452,2888792090,0.46466,0.67823,1
1784418394.1612,248.26122,2888859044,0.46879,0.66347,1
1784418394.1683,248.26834,2888930263,0.45872,0.66630,1
1784418394.1746,248.27461,2888993044,0.45858,0.66459,1
1784418394.1815,248.28152,2889062219,0.46011,0.67071,1
1784418394.1880,248.28802,2889127130,0.46001,0.66435,1
1784418394.1947,248.29471,2889193949,0.45906,0.66030,1
1784418394.2017,248.30173,2889264151,0.46239,0.64299,1
1784418394.2081,248.30811,2889327929,0.46699,0.63756,1
1784418394.2150,248.31502,2889397148,0.46796,0.64345,1
1784418394.2215,248.32150,2889461992,0.47709,0.66404,1
1784418394.2282,248.32823,2889529193,0.48419,0.68747,1
1784418394.2349,248.33490,2889595892,0.48496,0.69144,1
1784418394.2416,248.34160,2889662824,0.46046,0.69978,1
1784418394.2485,248.34857,2889732601,0.46422,0.70132,1
1784418394.2549,248.35498,2889796765,0.46339,0.69797,1
1784418394.2619,248.36191,2889866046,0.45835,0.67832,1
1784418394.2689,248.36897,2889936566,0.46259,0.67910,1
1784418394.2754,248.37547,2890001667,0.46318,0.68039,1
1784418394.2818,248.38184,2890065319,0.47580,0.68097,1
1784418394.2888,248.38885,2890135533,0.47658,0.68020,1
1784418394.2954,248.39542,2890201041,0.47608,0.68032,1
1784418394.3025,248.40257,2890272584,0.48437,0.68456,1
1784418394.3085,248.40857,2890332586,0.47849,0.68236,1
1784418394.3155,248.41556,2890402445,0.47837,0.68045,1
1784418394.3220,248.42200,2890466883,0.45622,0.67810,1
1784418394.3289,248.42892,2890536141,0.45678,0.67271,1
1784418394.3353,248.43538,2890600670,0.45592,0.66921,1
1784418394.3420,248.44208,2890667657,0.46421,0.66405,1
1784418394.3489,248.44899,2890736801,0.47068,0.66915,1
1784418394.3554,248.45549,2890801774,0.47172,0.67511,1
1784418394.3621,248.46217,2890868641,0.49509,0.68453,1
1784418394.3691,248.46913,2890938216,0.48835,0.68199,1
1784418394.3755,248.47556,2891002515,0.48888,0.68146,1
1784418394.3824,248.48248,2891071711,0.50709,0.68571,1
1784418394.3893,248.48932,2891140050,0.51310,0.67791,1
1784418394.3956,248.49568,2891203718,0.51215,0.67257,1
1784418394.4026,248.50267,2891273602,0.51859,0.66478,1
1784418394.4090,248.50906,2891337540,0.50764,0.66699,1
1784418394.4160,248.51602,2891407140,0.50819,0.67106,1
1784418394.4229,248.52298,2891476721,0.51372,0.67542,1
1784418394.4293,248.52937,2891540599,0.51618,0.67667,1
1784418394.4358,248.53584,2891605350,0.51661,0.68020,1
1784418394.4427,248.54279,2891674838,0.50947,0.67981,1
1784418394.4492,248.54924,2891739267,0.50241,0.68925,1
1784418394.4561,248.55617,2891808567,0.50241,0.68925,1
1784418394.4629,248.56296,2891876479,0.50249,0.69324,1
1784418394.4693,248.56935,2891940352,0.50044,0.68710,1
1784418394.4764,248.57643,2892011206,0.49989,0.68362,1
1784418394.4827,248.58276,2892074617,0.50754,0.67593,1
1784418394.4894,248.58946,2892141570,0.50507,0.68296,1
1784418394.4964,248.59641,2892210999,0.50504,0.68076,1
1784418394.5028,248.60284,2892275340,0.50712,0.68114,1
1784418394.5098,248.60983,2892345240,0.50744,0.67549,1
1784418394.5162,248.61623,2892409155,0.50632,0.66759,1
1784418394.5233,248.62331,2892480045,0.50534,0.65158,1
1784418394.5296,248.62962,2892543147,0.50655,0.64927,1
1784418394.5363,248.63632,2892610195,0.50601,0.64525,1
1784418394.5433,248.64330,2892679841,0.50650,0.64206,1
1784418394.5497,248.64973,2892744212,0.50691,0.64110,1
1784418394.5568,248.65681,2892814984,0.50744,0.64516,1
1784418394.5631,248.66312,2892878092,0.50697,0.65057,1
1784418394.5700,248.67006,2892947453,0.50572,0.65380,1
1784418394.5767,248.67674,2893014263,0.50628,0.65786,1
1784418394.5834,248.68346,2893081459,0.50472,0.65520,1
1784418394.5899,248.68993,2893146132,0.50256,0.65242,1
1784418394.5966,248.69662,2893213109,0.50258,0.65459,1
1784418394.6036,248.70360,2893282896,0.49855,0.68825,1
1784418394.6100,248.71001,2893347049,0.49812,0.69162,1
1784418394.6169,248.71692,2893416151,0.49876,0.69547,1
1784418394.6233,248.72337,2893480713,0.51749,0.69136,1
1784418394.6303,248.73032,2893550037,0.50541,0.68979,1
1784418394.6367,248.73679,2893614813,0.50592,0.69322,1
1784418394.6435,248.74350,2893681917,0.51725,0.68535,1
1784418394.6506,248.75061,2893752950,0.51590,0.68390,1
1784418394.6571,248.75714,2893818331,0.51590,0.68390,1
1784418394.6639,248.76395,2893886402,0.51493,0.67543,1
1784418394.6705,248.77051,2893952063,0.51430,0.66652,1
1784418394.6772,248.77728,2894019814,0.51386,0.66288,1
1784418394.6836,248.78366,2894083558,0.50871,0.67726,1
1784418394.6906,248.79062,2894153137,0.51934,0.67738,1
1784418394.6973,248.79739,2894220851,0.51933,0.67922,1
1784418394.7037,248.80379,2894284755,0.48731,0.67684,1
1784418394.7107,248.81071,2894353993,0.46460,0.67605,1
1784418394.7171,248.81718,2894418693,0.46543,0.67965,1
1784418394.7241,248.82410,2894487949,0.49102,0.67436,1
1784418394.7305,248.83058,2894552681,0.48971,0.67507,1
1784418394.7374,248.83749,2894621822,0.48971,0.67507,1
1784418394.7443,248.84439,2894690777,0.49015,0.67931,1
1784418394.7506,248.85066,2894753552,0.48702,0.67980,1
1784418394.7575,248.85759,2894822869,0.48702,0.67980,1
1784418394.7644,248.86441,2894891004,0.48908,0.65842,1
1784418394.7707,248.87077,2894954679,0.49165,0.65983,1
1784418394.7777,248.87778,2895024706,0.49165,0.65983,1
1784418394.7841,248.88417,2895088654,0.48963,0.66118,1
1784418394.7911,248.89110,2895157894,0.49147,0.65966,1
1784418394.7975,248.89757,2895222534,0.49140,0.65763,1
1784418394.8042,248.90428,2895289658,0.49154,0.65243,1
1784418394.8112,248.91122,2895359083,0.49051,0.65606,1
1784418394.8176,248.91765,2895423388,0.48988,0.65233,1
1784418394.8245,248.92458,2895492596,0.49135,0.64346,1
1784418394.8312,248.93127,2895559583,0.48971,0.64239,1
1784418394.8377,248.93776,2895624474,0.48971,0.64239,1
1784418394.8446,248.94467,2895693558,0.48777,0.64354,1
1784418394.8515,248.95158,2895762820,0.48773,0.64250,1
1784418394.8582,248.95824,2895829299,0.48773,0.64250,1
1784418394.8647,248.96477,2895894556,0.48617,0.64289,1
1784418394.8715,248.97150,2895961810,0.48255,0.63954,1
1784418394.8782,248.97826,2896029420,0.48263,0.64160,1
1784418394.8849,248.98491,2896096047,0.47938,0.64725,1
1784418394.8913,248.99135,2896160364,0.49196,0.65813,1
1784418394.8982,248.99825,2896229376,0.49252,0.65986,1
1784418394.9050,249.00502,2896297070,0.49293,0.66698,1
1784418394.9114,249.01141,2896361079,0.51104,0.65677,1
1784418394.9184,249.01842,2896431065,0.51056,0.65304,1
1784418394.9248,249.02484,2896495371,0.52550,0.64234,1
1784418394.9317,249.03175,2896564398,0.52343,0.62524,1
1784418394.9384,249.03847,2896631539,0.52349,0.62284,1
1784418394.9449,249.04491,2896695934,0.52058,0.62340,1
1784418394.9519,249.05190,2896765799,0.51751,0.62088,1
1784418394.9586,249.05865,2896833445,0.51657,0.61202,1
1784418394.9652,249.06529,2896899895,0.51674,0.60864,1
1784418394.9720,249.07202,2896967089,0.51605,0.60473,1
1784418394.9784,249.07841,2897031128,0.51601,0.60708,1
1784418394.9853,249.08539,2897100844,0.51888,0.61864,1
1784418394.9918,249.09186,2897165466,0.52299,0.62469,1
1784418394.9987,249.09875,2897234407,0.52390,0.63111,1
1784418395.0051,249.10519,2897298867,0.51765,0.59419,1
1784418395.0121,249.11211,2897368037,0.51937,0.52539,1
1784418395.0188,249.11887,2897435635,0.51893,0.52013,1
1784418395.0253,249.12531,2897500036,0.50781,0.47657,1
1784418395.0323,249.13239,2897570782,0.51361,0.49662,1
1784418395.0389,249.13895,2897636450,0.51359,0.49952,1
1784418395.0458,249.14587,2897705587,0.51288,0.50912,1
1784418395.0533,249.15331,2897779967,0.51662,0.51403,1
1784418395.0590,249.15903,2897837187,0.51708,0.52195,1
1784418395.0654,249.16548,2897901744,0.51379,0.51900,1
1784418395.0724,249.17249,2897971700,0.50676,0.51751,1
1784418395.0788,249.17889,2898035842,0.50723,0.51687,1
1784418395.0858,249.18587,2898105556,0.51118,0.51006,1
1784418395.0925,249.19250,2898171964,0.51038,0.50052,1
1784418395.0992,249.19920,2898238909,0.50940,0.49013,1
1784418395.1060,249.20605,2898307397,0.50237,0.48061,1
1784418395.1126,249.21260,2898372879,0.50433,0.48104,1
1784418395.1190,249.21907,2898437576,0.50437,0.48398,1
1784418395.1257,249.22578,2898504739,0.50665,0.48811,1
1784418395.1327,249.23271,2898574071,0.50578,0.49838,1
1784418395.1391,249.23918,2898638690,0.50633,0.50393,1
1784418395.1458,249.24588,2898705677,0.51088,0.50171,1
1784418395.1528,249.25285,2898775395,0.50952,0.50492,1
1784418395.1592,249.25926,2898839462,0.50952,0.50492,1
1784418395.1661,249.26619,2898908758,0.50584,0.50340,1
1784418395.1726,249.27264,2898973367,0.50968,0.49777,1
1784418395.1794,249.27940,2899040959,0.50968,0.49777,1
1784418395.1867,249.28674,2899114414,0.50453,0.49897,1
1784418395.1929,249.29297,2899176610,0.50718,0.50058,1
1784418395.1994,249.29945,2899241503,0.50718,0.50058,1
1784418395.2061,249.30615,2899308454,0.50183,0.49711,1
1784418395.2130,249.31306,2899377633,0.50483,0.49576,1
1784418395.2195,249.31956,2899442499,0.50483,0.49576,1
1784418395.2265,249.32655,2899512434,0.49892,0.50665,1
1784418395.2333,249.33330,2899579835,0.49745,0.50697,1
1784418395.2399,249.33990,2899645991,0.49745,0.50697,1
1784418395.2463,249.34634,2899710424,0.51770,0.50211,1
1784418395.2530,249.35304,2899777376,0.51823,0.49527,1
1784418395.2600,249.36002,2899847085,0.51827,0.49240,1
1784418395.2664,249.36644,2899911322,0.51200,0.49156,1
1784418395.2733,249.37335,2899980442,0.50837,0.48458,1
1784418395.2798,249.37984,2900045238,0.50784,0.48184,1
1784418395.2865,249.38652,2900112155,0.49170,0.47613,1
1784418395.2935,249.39352,2900182079,0.47439,0.47574,1
1784418395.2999,249.39993,2900246166,0.47501,0.47854,1
1784418395.3068,249.40686,2900315511,0.47045,0.47915,1
1784418395.3133,249.41335,2900380307,0.46553,0.47776,1
1784418395.3202,249.42024,2900449380,0.46478,0.47506,1
1784418395.3267,249.42671,2900514038,0.48388,0.46674,1
1784418395.3334,249.43341,2900581068,0.48086,0.47574,1
1784418395.3404,249.44041,2900650988,0.48162,0.48148,1
1784418395.3467,249.44679,2900714882,0.47365,0.49049,1
1784418395.3537,249.45375,2900784358,0.48185,0.50619,1
1784418395.3604,249.46043,2900851315,0.48185,0.50619,1
1784418395.3669,249.46690,2900915993,0.47569,0.48794,1
1784418395.3738,249.47385,2900985388,0.47164,0.49320,1
1784418395.3803,249.48032,2901050003,0.47063,0.48459,1
1784418395.3872,249.48724,2901119336,0.46471,0.45299,1
1784418395.3937,249.49370,2901183850,0.47302,0.44520,1
1784418395.4006,249.50063,2901253157,0.47222,0.43940,1
1784418395.4074,249.50742,2901321139,0.46689,0.42660,1
1784418395.4138,249.51384,2901385316,0.46654,0.43749,1
1784418395.4208,249.52083,2901455196,0.46751,0.44643,1
1784418395.4275,249.52759,2901522792,0.47109,0.45435,1
1784418395.4345,249.53458,2901592622,0.48337,0.47762,1
1784418395.4405,249.54059,2901652854,0.48411,0.48334,1
1784418395.4475,249.54756,2901722482,0.51422,0.46795,1
1784418395.4543,249.55438,2901790682,0.50141,0.48103,1
1784418395.4609,249.56090,2901855897,0.50084,0.47795,1
1784418395.4674,249.56740,2901920877,0.50072,0.47581,1
1784418395.4740,249.57408,2901987784,0.50340,0.47527,1
1784418395.4811,249.58113,2902058263,0.50331,0.47185,1
1784418395.4874,249.58748,2902121681,0.51376,0.46502,1
1784418395.4941,249.59418,2902188750,0.51009,0.48944,1
1784418395.5008,249.60086,2902255526,0.50964,0.48457,1
1784418395.5075,249.60757,2902322642,0.51572,0.48713,1
1784418395.5144,249.61449,2902391784,0.51436,0.48219,1
1784418395.5213,249.62131,2902459967,0.51436,0.48219,1
1784418395.5279,249.62790,2902525877,0.50428,0.48742,1
1784418395.5343,249.63437,2902590539,0.51848,0.48057,1
1784418395.5410,249.64105,2902657500,0.51847,0.48319,1
1784418395.5480,249.64803,2902727179,0.49802,0.48865,1
1784418395.5546,249.65466,2902793618,0.49918,0.48177,1
1784418395.5613,249.66138,2902860666,0.49972,0.48408,1
1784418395.5678,249.66785,2902925440,0.50514,0.48565,1
1784418395.5745,249.67453,2902992256,0.49655,0.48279,1
1784418395.5814,249.68147,2903061695,0.49663,0.48350,1
1784418395.5883,249.68832,2903130075,0.49915,0.48570,1
1784418395.5949,249.69492,2903196119,0.50481,0.49014,1
1784418395.6016,249.70166,2903263452,0.50538,0.49578,1
1784418395.6082,249.70827,2903329601,0.50835,0.50871,1
1784418395.6151,249.71510,2903397968,0.49698,0.51475,1
1784418395.6218,249.72189,2903465875,0.49698,0.51475,1
1784418395.6284,249.72849,2903531711,0.50144,0.51071,1
1784418395.6348,249.73485,2903595393,0.50534,0.50704,1
1784418395.6418,249.74182,2903665158,0.50534,0.50704,1
1784418395.6482,249.74825,2903729390,0.51194,0.50565,1
1784418395.6549,249.75493,2903796179,0.51402,0.50799,1
1784418395.6618,249.76189,2903865851,0.51402,0.50799,1
1784418395.6685,249.76855,2903932415,0.50608,0.50151,1
1784418395.6752,249.77524,2903999337,0.50534,0.50567,1
1784418395.6820,249.78207,2904067616,0.50534,0.50567,1
1784418395.6886,249.78864,2904133326,0.50898,0.50798,1
1784418395.6951,249.79510,2904198007,0.51185,0.50965,1
1784418395.7018,249.80183,2904265193,0.51133,0.50414,1
1784418395.7087,249.80873,2904334256,0.51657,0.49412,1
1784418395.7155,249.81554,2904402203,0.51240,0.46138,1
1784418395.7219,249.82193,2904466229,0.51240,0.46138,1
1784418395.7288,249.82886,2904535496,0.51347,0.48420,1
1784418395.7353,249.83531,2904600038,0.51174,0.47870,1
1784418395.7422,249.84222,2904669220,0.51225,0.48444,1
1784418395.7487,249.84871,2904733939,0.53587,0.49966,1
1784418395.7554,249.85541,2904800936,0.52186,0.48028,1
1784418395.7623,249.86234,2904870238,0.52186,0.48028,1
1784418395.7688,249.86882,2904935187,0.53026,0.50298,1
1784418395.7757,249.87572,2905004086,0.52958,0.48204,1
1784418395.7822,249.88225,2905069343,0.52990,0.48709,1
1784418395.7889,249.88890,2905135977,0.52753,0.51661,1
1784418395.7959,249.89598,2905206681,0.52698,0.50682,1
1784418395.8025,249.90253,2905272243,0.52703,0.50384,1
1784418395.8093,249.90936,2905340598,0.52339,0.51445,1
1784418395.8157,249.91571,2905404066,0.52336,0.48528,1
1784418395.8226,249.92268,2905473780,0.52258,0.47467,1
1784418395.8290,249.92908,2905537712,0.53356,0.47745,1
1784418395.8358,249.93582,2905605054,0.53097,0.46058,1
1784418395.8427,249.94275,2905674439,0.53097,0.46058,1
1784418395.8491,249.94917,2905738657,0.52897,0.46006,1
1784418395.8561,249.95612,2905808066,0.51890,0.46562,1
1784418395.8625,249.96259,2905872819,0.51890,0.46562,1
1784418395.8695,249.96950,2905941827,0.53031,0.46268,1
1784418395.8763,249.97632,2906010113,0.51645,0.46589,1
1784418395.8827,249.98270,2906073876,0.51643,0.46900,1
1784418395.8894,249.98940,2906140918,0.52597,0.47704,1
1784418395.8960,249.99608,2906207714,0.52746,0.47556,1
1784418395.9029,250.00299,2906276744,0.52783,0.48131,1
1784418395.9094,250.00946,2906341520,0.52882,0.48603,1
1784418395.9161,250.01617,2906408666,0.52582,0.48802,1
1784418395.9231,250.02313,2906478276,0.52582,0.48802,1
1784418395.9295,250.02956,2906542437,0.52448,0.48830,1
1784418395.9364,250.03648,2906611699,0.52422,0.49023,1
1784418395.9433,250.04333,2906680268,0.52422,0.49023,1
1784418395.9496,250.04965,2906743469,0.52357,0.48773,1
1784418395.9563,250.05635,2906810377,0.52118,0.48353,1
1784418395.9630,250.06303,2906877316,0.52118,0.48353,1
1784418395.9700,250.07004,2906947230,0.52866,0.50320,1
1784418395.9766,250.07666,2907013576,0.52919,0.48319,1
1784418395.9833,250.08336,2907080569,0.52958,0.48511,1
1784418395.9901,250.09013,2907148180,0.52198,0.50675,1
1784418395.9967,250.09677,2907214629,0.52182,0.50043,1
1784418396.0034,250.10347,2907281672,0.52134,0.49780,1
1784418396.0099,250.10994,2907346318,0.52005,0.49618,1
1784418396.0166,250.11665,2907413372,0.51841,0.50011,1
1784418396.0236,250.12366,2907483413,0.51847,0.50081,1
1784418396.0302,250.13026,2907549571,0.52411,0.50913,1
1784418396.0369,250.13695,2907616387,0.53415,0.51130,1
1784418396.0434,250.14343,2907681164,0.53415,0.51130,1
1784418396.0501,250.15012,2907748142,0.53113,0.51222,1
1784418396.0570,250.15709,2907817819,0.53247,0.50985,1
1784418396.0637,250.16374,2907884385,0.53247,0.50985,1
1784418396.0704,250.17044,2907951357,0.53045,0.50905,1
1784418396.0769,250.17693,2908016231,0.53053,0.50475,1
1784418396.0836,250.18362,2908083205,0.53053,0.50475,1
1784418396.0905,250.19054,2908152337,0.53549,0.49526,1
1784418396.0974,250.19745,2908221396,0.53122,0.49683,1
1784418396.1040,250.20403,2908287129,0.53130,0.49393,1
1784418396.1106,250.21063,2908353175,0.53219,0.48674,1
1784418396.1173,250.21738,2908420664,0.53151,0.47795,1
1784418396.1238,250.22382,2908485092,0.53117,0.47227,1
1784418396.1305,250.23051,2908552095,0.53240,0.47187,1
1784418396.1374,250.23747,2908621650,0.51959,0.47109,1
1784418396.1438,250.24388,2908685773,0.51959,0.47109,1
1784418396.1508,250.25085,2908755405,0.52253,0.47172,1
1784418396.1573,250.25732,2908820113,0.52402,0.47241,1
1784418396.1642,250.26428,2908889794,0.52402,0.47241,1
1784418396.1710,250.27103,2908957144,0.52515,0.48097,1
1784418396.1780,250.27806,2909027546,0.51565,0.47944,1
1784418396.1843,250.28433,2909090283,0.51565,0.47944,1
1784418396.1908,250.29082,2909155011,0.51469,0.48513,1
1784418396.1977,250.29773,2909224167,0.51737,0.49423,1
1784418396.2041,250.30418,2909288800,0.51734,0.49704,1
1784418396.2109,250.31090,2909355891,0.51806,0.48889,1
1784418396.2178,250.31783,2909425196,0.52245,0.50046,1
1784418396.2244,250.32449,2909491915,0.52328,0.50789,1
1784418396.2314,250.33141,2909560913,0.52320,0.47609,1
1784418396.2376,250.33766,2909623596,0.51287,0.48593,1
1784418396.2443,250.34439,2909690771,0.51237,0.48019,1
1784418396.2513,250.35130,2909759986,0.51156,0.47729,1
1784418396.2578,250.35782,2909825023,0.51243,0.47889,1
1784418396.2646,250.36469,2909893809,0.51243,0.47889,1
1784418396.2711,250.37117,2909958546,0.51455,0.49058,1
1784418396.2781,250.37811,2910028005,0.51427,0.49577,1
1784418396.2848,250.38487,2910095667,0.51470,0.50065,1
1784418396.2915,250.39151,2910161969,0.51714,0.50067,1
1784418396.2984,250.39842,2910231092,0.51871,0.49946,1
1784418396.3048,250.40488,2910295754,0.51873,0.50241,1
1784418396.3119,250.41194,2910366394,0.51906,0.50541,1
1784418396.3180,250.41806,2910427476,0.51820,0.50862,1
1784418396.3249,250.42499,2910496753,0.51867,0.51426,1
1784418396.3314,250.43147,2910561612,0.52143,0.51390,1
1784418396.3383,250.43837,2910630675,0.52339,0.51496,1
1784418396.3448,250.44485,2910695515,0.52301,0.51002,1
1784418396.3515,250.45155,2910762485,0.51671,0.50269,1
1784418396.3586,250.45863,2910833189,0.51437,0.49359,1
1784418396.3653,250.46538,2910900727,0.51393,0.48860,1
1784418396.3720,250.47202,2910967019,0.51923,0.49646,1
1784418396.3783,250.47836,2911030543,0.52114,0.49296,1
1784418396.3853,250.48535,2911100354,0.52065,0.48991,1
1784418396.3917,250.49173,2911164236,0.52495,0.49619,1
1784418396.3986,250.49866,2911233447,0.52798,0.49672,1
1784418396.4051,250.50514,2911298385,0.52801,0.49343,1
1784418396.4118,250.51183,2911365171,0.51628,0.50440,1
1784418396.4188,250.51881,2911435113,0.51925,0.48701,1
1784418396.4252,250.52525,2911499382,0.51931,0.48771,1
1784418396.4321,250.53215,2911568371,0.51651,0.46578,1
1784418396.4389,250.53893,2911636232,0.52001,0.48411,1
1784418396.4455,250.54555,2911702415,0.52046,0.48980,1
1784418396.4520,250.55202,2911767087,0.51334,0.49431,1
1784418396.4587,250.55873,2911834215,0.51854,0.49766,1
1784418396.4656,250.56566,2911903467,0.51891,0.50517,1
1784418396.4725,250.57253,2911972087,0.52405,0.51619,1
1784418396.4790,250.57903,2912037226,0.52755,0.52796,1
1784418396.4855,250.58553,2912102100,0.52831,0.53519,1
1784418396.4922,250.59222,2912169202,0.53081,0.53011,1
1784418396.4991,250.59917,2912238615,0.53438,0.51487,1
1784418396.5056,250.60561,2912302969,0.53387,0.50186,1
1784418396.5125,250.61259,2912372877,0.51587,0.50414,1
1784418396.5194,250.61940,2912440978,0.51584,0.50379,1
1784418396.5257,250.62572,2912504047,0.51532,0.50116,1
1784418396.5326,250.63268,2912573627,0.51516,0.51453,1
1784418396.5391,250.63911,2912637991,0.51899,0.53405,1
1784418396.5461,250.64615,2912708450,0.51979,0.54654,1
1784418396.5528,250.65280,2912774853,0.50313,0.69664,1
1784418396.5595,250.65956,2912842519,0.49824,0.68037,1
1784418396.5661,250.66611,2912908055,0.49795,0.67632,1
1784418396.5728,250.67287,2912975519,0.50601,0.67768,1
1784418396.5792,250.67928,2913039693,0.49036,0.65943,1
1784418396.5862,250.68625,2913109332,0.48770,0.64379,1
1784418396.5930,250.69304,2913177232,0.47903,0.64609,1
1784418396.5993,250.69937,2913240605,0.48655,0.64558,1
1784418396.6063,250.70630,2913309912,0.48716,0.64913,1
1784418396.6128,250.71281,2913375073,0.48561,0.65863,1
1784418396.6194,250.71948,2913441786,0.48134,0.66411,1
1784418396.6264,250.72641,2913511039,0.48211,0.66817,1
1784418396.6328,250.73288,2913575722,0.49005,0.66925,1
1784418396.6395,250.73958,2913642673,0.48588,0.66834,1
1784418396.6462,250.74628,2913709700,0.48524,0.66485,1
1784418396.6531,250.75319,2913778846,0.48967,0.66926,1
1784418396.6599,250.75995,2913846328,0.49010,0.67191,1
1784418396.6663,250.76636,2913910492,0.48941,0.66798,1
1784418396.6733,250.77330,2913979968,0.49673,0.66381,1
1784418396.6803,250.78030,2914049945,0.49302,0.66326,1
1784418396.6866,250.78668,2914113699,0.49304,0.66543,1
1784418396.6934,250.79349,2914181811,0.49219,0.65550,1
1784418396.6998,250.79985,2914245439,0.49074,0.67323,1
1784418396.7067,250.80678,2914314687,0.49215,0.68302,1
1784418396.7132,250.81325,2914379453,0.49073,0.69300,1
1784418396.7201,250.82018,2914448623,0.49163,0.69767,1
1784418396.7266,250.82666,2914513588,0.49226,0.70110,1
1784418396.7335,250.83357,2914582584,0.49218,0.69546,1
1784418396.7403,250.84039,2914650833,0.49319,0.69654,1
1784418396.7470,250.84703,2914717247,0.49319,0.69654,1
1784418396.7538,250.85382,2914785160,0.50386,0.68866,1
1784418396.7601,250.86017,2914848561,0.50248,0.69406,1
1784418396.7668,250.86685,2914915408,0.50244,0.69219,1
1784418396.7735,250.87354,2914982191,0.49280,0.70372,1
1784418396.7805,250.88052,2915052138,0.49021,0.70934,1
1784418396.7869,250.88693,2915116303,0.48961,0.70783,1
1784418396.7938,250.89386,2915185522,0.48979,0.67893,1
1784418396.8003,250.90033,2915250270,0.49085,0.68808,1
1784418396.8070,250.90704,2915317277,0.49148,0.69159,1
1784418396.8140,250.91406,2915387506,0.48923,0.70759,1
1784418396.8204,250.92043,2915451170,0.48751,0.69042,1
1784418396.8273,250.92734,2915520346,0.48751,0.69042,1
1784418396.8341,250.93416,2915588536,0.50018,0.70466,1
1784418396.8405,250.94052,2915652092,0.50320,0.70311,1
1784418396.8474,250.94749,2915721786,0.50320,0.70311,1
1784418396.8539,250.95393,2915786304,0.52141,0.69792,1
1784418396.8608,250.96086,2915855568,0.51399,0.69297,1
1784418396.8673,250.96732,2915920008,0.51344,0.68503,1
1784418396.8740,250.97403,2915987192,0.50876,0.67711,1
1784418396.8809,250.98097,2916056662,0.50906,0.66383,1
1784418396.8874,250.98741,2916120969,0.50753,0.65444,1
1784418396.8943,250.99437,2916190680,0.51362,0.65377,1
1784418396.9008,251.00081,2916255067,0.51196,0.65436,1
1784418396.9075,251.00751,2916322021,0.51292,0.66429,1
1784418396.9144,251.01447,2916391570,0.51248,0.66670,1
1784418396.9209,251.02092,2916456045,0.51067,0.67598,1
1784418396.9278,251.02785,2916525415,0.51168,0.68363,1
1784418396.9347,251.03474,2916594360,0.50936,0.67445,1
1784418396.9413,251.04131,2916659993,0.52172,0.67741,1
1784418396.9482,251.04828,2916729625,0.52212,0.68105,1
1784418396.9547,251.05478,2916794648,0.51936,0.71253,1
1784418396.9610,251.06108,2916857707,0.51964,0.70968,1
1784418396.9680,251.06801,2916927004,0.52007,0.71314,1
1784418396.9744,251.07449,2916991792,0.51862,0.70906,1
1784418396.9814,251.08144,2917061214,0.51555,0.71762,1
1784418396.9878,251.08789,2917125806,0.51510,0.71231,1
1784418396.9945,251.09457,2917192725,0.51529,0.69698,1
1784418397.0015,251.10152,2917262133,0.51352,0.68410,1
1784418397.0082,251.10820,2917328938,0.51259,0.67702,1
1784418397.0149,251.11490,2917395853,0.50675,0.68922,1
1784418397.0219,251.12199,2917466798,0.50480,0.68232,1
1784418397.0283,251.12839,2917530735,0.50480,0.68232,1
1784418397.0347,251.13477,2917594521,0.51500,0.67745,1
1784418397.0416,251.14169,2917663819,0.51061,0.67380,1
1784418397.0481,251.14818,2917728755,0.51007,0.66974,1
1784418397.0548,251.15488,2917795653,0.50494,0.66440,1
1784418397.0618,251.16183,2917865220,0.51794,0.66029,1
1784418397.0682,251.16827,2917929613,0.51753,0.65405,1
1784418397.0753,251.17531,2917999969,0.51025,0.64841,1
1784418397.0816,251.18164,2918063348,0.50675,0.65078,1
1784418397.0885,251.18858,2918132686,0.50675,0.65078,1
1784418397.0950,251.19507,2918197571,0.50676,0.65512,1
1784418397.1019,251.20198,2918266695,0.50547,0.66257,1
1784418397.1084,251.20847,2918331519,0.50603,0.66868,1
1784418397.1151,251.21515,2918398422,0.51512,0.67934,1
1784418397.1222,251.22223,2918469253,0.51337,0.66700,1
1784418397.1290,251.22902,2918537125,0.51381,0.67304,1
1784418397.1355,251.23555,2918602446,0.51136,0.70172,1
1784418397.1423,251.24237,2918670588,0.52437,0.68450,1
1784418397.1488,251.24889,2918735779,0.52474,0.68804,1
1784418397.1553,251.25534,2918800242,0.51971,0.69772,1
1784418397.1622,251.26225,2918869471,0.52071,0.69942,1
1784418397.1688,251.26880,2918934872,0.52024,0.69547,1
1784418397.1756,251.27565,2919003443,0.51695,0.68070,1
1784418397.1823,251.28239,2919070841,0.51416,0.67581,1
1784418397.1888,251.28882,2919135118,0.51417,0.67393,1
1784418397.1957,251.29575,2919204445,0.51706,0.66651,1
1784418397.2022,251.30223,2919269159,0.52266,0.67472,1
1784418397.2091,251.30919,2919338833,0.52263,0.67713,1
1784418397.2158,251.31589,2919405828,0.51823,0.68895,1
1784418397.2223,251.32231,2919470021,0.52984,0.67475,1
1784418397.2290,251.32903,2919537177,0.53017,0.67836,1
1784418397.2360,251.33600,2919606950,0.53002,0.68908,1
1784418397.2426,251.34264,2919673300,0.53094,0.66923,1
1784418397.2494,251.34944,2919741339,0.53094,0.66923,1
1784418397.2560,251.35603,2919807249,0.52924,0.67721,1
1784418397.2627,251.36273,2919874204,0.53123,0.67185,1
1784418397.2692,251.36920,2919938938,0.53156,0.67553,1
1784418397.2759,251.37590,2920005898,0.53217,0.68550,1
1784418397.2828,251.38286,2920075440,0.52929,0.69101,1
1784418397.2893,251.38933,2920140128,0.52964,0.69462,1
1784418397.2962,251.39626,2920209495,0.53131,0.69026,1
1784418397.3031,251.40312,2920278121,0.53295,0.69062,1
1784418397.3096,251.40962,2920343143,0.53295,0.69062,1
1784418397.3164,251.41640,2920410831,0.53481,0.68763,1
1784418397.3232,251.42322,2920479117,0.53493,0.68615,1
1784418397.3297,251.42973,2920544269,0.53462,0.68246,1
1784418397.3362,251.43620,2920608961,0.52263,0.71036,1
1784418397.3431,251.44312,2920677994,0.52569,0.69902,1
1784418397.3496,251.44960,2920742839,0.52532,0.69552,1
1784418397.3565,251.45651,2920811966,0.52459,0.68972,1
1784418397.3632,251.46323,2920879125,0.51655,0.68722,1
1784418397.3696,251.46967,2920943615,0.51656,0.68535,1
1784418397.3766,251.47662,2921013205,0.51951,0.68768,1
1784418397.3834,251.48341,2921081081,0.52163,0.67830,1
1784418397.3897,251.48979,2921144874,0.52127,0.67254,1
1784418397.3966,251.49669,2921213837,0.51973,0.67740,1
1784418397.4031,251.50319,2921278841,0.52476,0.63557,1
1784418397.4101,251.51012,2921348111,0.52426,0.63549,1
1784418397.4165,251.51659,2921412702,0.54161,0.51197,1
1784418397.4234,251.52348,2921481777,0.53438,0.51783,1
1784418397.4303,251.53030,2921549903,0.53507,0.52556,1
1784418397.4371,251.53717,2921618588,0.53443,0.49459,1
1784418397.4433,251.54338,2921680685,0.53197,0.49412,1
1784418397.4500,251.55006,2921747496,0.53197,0.49412,1
1784418397.4567,251.55676,2921814463,0.53467,0.48546,1
1784418397.4636,251.56369,2921883862,0.53732,0.48132,1
1784418397.4701,251.57014,2921948361,0.53759,0.48650,1
1784418397.4770,251.57709,2922017838,0.53959,0.50043,1
1784418397.4838,251.58389,2922085800,0.53149,0.51146,1
1784418397.4904,251.59047,2922151594,0.53125,0.50348,1
1784418397.4973,251.59732,2922220059,0.53290,0.50644,1
1784418397.5039,251.60394,2922286350,0.53531,0.48760,1
1784418397.5107,251.61070,2922353866,0.53460,0.47996,1
1784418397.5170,251.61707,2922417552,0.51655,0.48291,1
1784418397.5240,251.62402,2922487208,0.52335,0.48363,1
1784418397.5304,251.63043,2922551281,0.52370,0.49189,1
1784418397.5374,251.63741,2922620964,0.53703,0.49662,1
1784418397.5438,251.64384,2922685335,0.54025,0.50306,1
1784418397.5505,251.65056,2922752462,0.54076,0.50246,1
1784418397.5575,251.65750,2922821940,0.51971,0.49090,1
1784418397.5639,251.66391,2922886065,0.52556,0.48627,1
1784418397.5709,251.67099,2922956763,0.52477,0.47860,1
1784418397.5773,251.67735,2923020411,0.52692,0.48336,1
1784418397.5842,251.68425,2923089341,0.53796,0.48979,1
1784418397.5907,251.69072,2923154051,0.53839,0.49248,1
1784418397.5976,251.69765,2923223456,0.53241,0.49539,1
1784418397.6041,251.70410,2923287967,0.52551,0.49740,1
1784418397.6108,251.71082,2923355078,0.52509,0.49476,1
1784418397.6179,251.71790,2923425907,0.53052,0.48564,1
1784418397.6242,251.72429,2923489868,0.54025,0.47531,1
1784418397.6311,251.73114,2923558310,0.54067,0.47792,1
1784418397.6376,251.73761,2923623078,0.52024,0.46795,1
1784418397.6443,251.74432,2923690142,0.52385,0.46096,1
1784418397.6512,251.75127,2923759572,0.52339,0.46093,1
1784418397.6577,251.75771,2923823959,0.53769,0.48261,1
1784418397.6646,251.76465,2923893464,0.53275,0.49906,1
1784418397.6711,251.77110,2923957995,0.53350,0.50704,1
1784418397.6780,251.77809,2924027871,0.53071,0.50864,1
1784418397.6849,251.78490,2924095821,0.53480,0.50899,1
1784418397.6914,251.79147,2924161648,0.53465,0.50115,1
1784418397.6981,251.79813,2924228111,0.53812,0.50317,1
1784418397.7052,251.80528,2924299666,0.53834,0.49471,1
1784418397.7115,251.81152,2924362184,0.53830,0.49402,1
1784418397.7182,251.81825,2924429476,0.53069,0.49780,1
1784418397.7247,251.82471,2924494011,0.53320,0.48792,1
1784418397.7316,251.83160,2924562990,0.53320,0.48792,1
1784418397.7384,251.83847,2924631578,0.53213,0.47834,1
1784418397.7448,251.84480,2924694911,0.53016,0.46760,1
1784418397.7514,251.85149,2924761707,0.53016,0.46760,1
1784418397.7584,251.85840,2924830877,0.53843,0.47331,1
1784418397.7651,251.86519,2924898854,0.53662,0.49045,1
1784418397.7716,251.87161,2924963038,0.53662,0.49045,1
1784418397.7785,251.87851,2925031937,0.53086,0.48491,1
1784418397.7853,251.88533,2925100267,0.52924,0.47871,1
1784418397.7919,251.89191,2925165934,0.52880,0.47682,1
1784418397.7983,251.89836,2925230591,0.52313,0.47929,1
1784418397.8050,251.90509,2925297769,0.53154,0.46567,1
1784418397.8120,251.91209,2925367839,0.53146,0.46837,1
1784418397.8184,251.91849,2925431746,0.52098,0.48505,1
1784418397.8254,251.92540,2925500978,0.51917,0.49927,1
1784418397.8318,251.93187,2925565554,0.51960,0.50169,1
1784418397.8385,251.93857,2925632632,0.52495,0.49987,1
1784418397.8455,251.94550,2925701888,0.52417,0.49639,1
1784418397.8523,251.95238,2925770749,0.52462,0.49914,1
1784418397.8589,251.95892,2925836173,0.52002,0.50782,1
1784418397.8657,251.96573,2925904146,0.51718,0.50301,1
1784418397.8724,251.97243,2925971238,0.51671,0.49743,1
1784418397.8789,251.97897,2926036650,0.51785,0.47829,1
1784418397.8858,251.98581,2926104991,0.51827,0.46925,1
1784418397.8921,251.99217,2926168678,0.51824,0.47234,1
1784418397.8991,251.99913,2926238262,0.52779,0.51546,1
1784418397.9055,252.00555,2926302496,0.53392,0.52245,1
1784418397.9124,252.01245,2926371472,0.53392,0.52245,1
1784418397.9189,252.01895,2926436425,0.53359,0.50677,1
1784418397.9256,252.02563,2926503279,0.52114,0.50100,1
1784418397.9327,252.03270,2926573850,0.52074,0.49867,1
1784418397.9390,252.03902,2926637130,0.52583,0.50035,1
1784418397.9459,252.04597,2926706611,0.51949,0.50878,1
1784418397.9524,252.05243,2926771144,0.52035,0.51925,1
1784418397.9593,252.05934,2926840350,0.53142,0.52042,1
1784418397.9660,252.06606,2926907523,0.52677,0.51746,1
1784418397.9727,252.07275,2926974379,0.52681,0.51491,1
1784418397.9792,252.07922,2927039136,0.51508,0.51116,1
1784418397.9859,252.08591,2927106016,0.53282,0.50551,1
1784418397.9928,252.09288,2927175699,0.53223,0.49208,1
1784418397.9993,252.09932,2927240069,0.52320,0.49594,1
1784418398.0060,252.10603,2927307244,0.52606,0.47908,1
1784418398.0127,252.11272,2927374009,0.52568,0.47356,1
1784418398.0194,252.11940,2927440985,0.52675,0.46660,1
1784418398.0261,252.12611,2927508037,0.52977,0.47116,1
1784418398.0330,252.13307,2927577690,0.53012,0.47678,1
1784418398.0395,252.13950,2927641921,0.52329,0.48696,1
1784418398.0464,252.14647,2927711627,0.53522,0.48186,1
1784418398.0536,252.15366,2927783540,0.53492,0.47629,1
1784418398.0598,252.15985,2927845389,0.51542,0.45868,1
1784418398.0666,252.16666,2927913434,0.52228,0.44611,1
1784418398.0732,252.17325,2927979370,0.52221,0.45175,1
1784418398.0797,252.17972,2928044139,0.53742,0.47715,1
1784418398.0864,252.18640,2928110878,0.53106,0.49106,1
1784418398.0933,252.19333,2928180272,0.53227,0.50165,1
1784418398.0998,252.19980,2928244843,0.51929,0.48769,1
1784418398.1065,252.20650,2928311938,0.51451,0.49404,1
1784418398.1131,252.21318,2928378670,0.51362,0.48647,1
1784418398.1198,252.21988,2928445651,0.51189,0.49024,1
1784418398.1268,252.22681,2928514969,0.52518,0.49915,1
1784418398.1333,252.23331,2928579915,0.52558,0.50469,1
1784418398.1402,252.24020,2928649024,0.52535,0.51205,1
1784418398.1466,252.24667,2928713696,0.52511,0.49036,1
1784418398.1533,252.25339,2928780849,0.52518,0.48738,1
1784418398.1602,252.26028,2928849791,0.52560,0.50065,1
1784418398.1668,252.26682,2928914990,0.52320,0.45682,1
1784418398.1734,252.27347,2928981570,0.52268,0.45405,1
1784418398.1803,252.28038,2929050742,0.52856,0.46996,1
1784418398.1868,252.28687,2929115518,0.52034,0.48252,1
1784418398.1938,252.29381,2929184963,0.52074,0.49085,1
1784418398.2005,252.30058,2929252675,0.52765,0.50855,1
1784418398.2069,252.30695,2929316363,0.52653,0.51867,1
1784418398.2139,252.31398,2929386654,0.52724,0.52279,1
1784418398.2203,252.32037,2929450607,0.53155,0.51169,1
1784418398.2273,252.32735,2929520361,0.53372,0.51245,1
1784418398.2341,252.33418,2929588724,0.53294,0.50495,1
1784418398.2407,252.34070,2929653845,0.50149,0.48993,1
1784418398.2471,252.34718,2929718682,0.49444,0.49423,1
1784418398.2541,252.35414,2929788373,0.49452,0.49493,1
1784418398.2609,252.36093,2929856210,0.50846,0.50225,1
1784418398.2675,252.36758,2929922707,0.49505,0.50602,1
1784418398.2739,252.37396,2929986504,0.49505,0.50602,1
1784418398.2809,252.38094,2930056208,0.49648,0.50719,1
1784418398.2877,252.38771,2930124002,0.49635,0.50716,1
1784418398.2942,252.39427,2930189616,0.49691,0.51200,1
1784418398.3010,252.40103,2930257181,0.50373,0.51641,1
1784418398.3074,252.40744,2930321239,0.50685,0.51814,1
1784418398.3143,252.41438,2930390786,0.50689,0.52065,1
1784418398.3208,252.42084,2930455245,0.50094,0.51326,1
1784418398.3277,252.42776,2930524548,0.50302,0.53040,1
1784418398.3345,252.43457,2930592640,0.50302,0.52790,1
1784418398.3411,252.44115,2930658380,0.49886,0.52650,1
1784418398.3476,252.44765,2930723324,0.50147,0.51743,1
1784418398.3543,252.45433,2930790237,0.50141,0.51458,1
1784418398.3612,252.46127,2930859604,0.50913,0.50531,1
1784418398.3677,252.46774,2930924271,0.50975,0.50515,1
1784418398.3746,252.47464,2930993274,0.50922,0.50244,1
1784418398.3811,252.48112,2931058212,0.50069,0.51377,1
1784418398.3878,252.48782,2931125181,0.50087,0.51148,1
1784418398.3947,252.49474,2931194244,0.50094,0.51217,1
1784418398.4012,252.50121,2931258924,0.49319,0.50564,1
1784418398.4082,252.50822,2931329101,0.49215,0.50894,1
1784418398.4149,252.51495,2931396476,0.49215,0.50894,1
1784418398.4215,252.52153,2931462263,0.49556,0.50345,1
1784418398.4282,252.52827,2931529693,0.49692,0.50071,1
1784418398.4347,252.53471,2931594029,0.49692,0.50071,1
1784418398.4417,252.54179,2931664919,0.50413,0.51470,1
1784418398.4483,252.54832,2931730161,0.50555,0.50782,1
1784418398.4551,252.55510,2931797955,0.50555,0.50782,1
1784418398.4617,252.56174,2931864224,0.50084,0.49431,1
1784418398.4684,252.56844,2931931250,0.50212,0.50524,1
1784418398.4749,252.57491,2931995939,0.50212,0.50524,1
1784418398.4816,252.58160,2932062966,0.49999,0.49348,1
1784418398.4885,252.58856,2932132548,0.50134,0.48764,1
1784418398.4952,252.59525,2932199310,0.50134,0.48764,1
1784418398.5019,252.60191,2932266111,0.49813,0.46842,1
1784418398.5083,252.60838,2932330716,0.50020,0.48893,1
1784418398.5153,252.61531,2932400051,0.50073,0.49392,1
1784418398.5218,252.62180,2932464844,0.49923,0.49703,1
1784418398.5287,252.62878,2932534801,0.50024,0.50964,1
1784418398.5355,252.63553,2932602225,0.50079,0.51458,1
1784418398.5418,252.64186,2932665556,0.50042,0.51805,1
1784418398.5488,252.64886,2932735493,0.50161,0.52013,1
1784418398.5552,252.65526,2932799547,0.50161,0.52013,1
1784418398.5621,252.66219,2932868843,0.49952,0.53247,1
1784418398.5686,252.66867,2932933579,0.50212,0.53391,1
1784418398.5753,252.67537,2933000601,0.50158,0.52912,1
1784418398.5820,252.68205,2933067490,0.50217,0.49281,1
1784418398.5887,252.68878,2933134742,0.50265,0.51447,1
1784418398.5956,252.69568,2933203663,0.50213,0.50964,1
1784418398.6021,252.70215,2933268387,0.50564,0.47325,1
1784418398.6090,252.70908,2933337663,0.50652,0.47360,1
1784418398.6157,252.71579,2933404801,0.50597,0.46776,1
1784418398.6224,252.72249,2933471728,0.50033,0.47069,1
1784418398.6292,252.72923,2933539313,0.49770,0.46309,1
1784418398.6359,252.73593,2933606185,0.49770,0.46309,1
1784418398.6427,252.74275,2933674459,0.49883,0.47654,1
1784418398.6490,252.74905,2933737502,0.49467,0.48752,1
1784418398.6561,252.75616,2933808526,0.49456,0.48458,1
1784418398.6626,252.76266,2933873525,0.50004,0.48917,1
1784418398.6694,252.76941,2933940988,0.50685,0.47072,1
1784418398.6758,252.77583,2934005230,0.50629,0.46799,1
1784418398.6827,252.78279,2934074847,0.49528,0.46988,1
1784418398.6892,252.78923,2934139277,0.50708,0.47402,1
1784418398.6961,252.79619,2934208770,0.50816,0.48544,1
1784418398.7030,252.80301,2934277032,0.50626,0.50421,1
1784418398.7095,252.80957,2934342618,0.52412,0.50385,1
1784418398.7162,252.81624,2934409368,0.52370,0.49828,1
1784418398.7227,252.82271,2934474068,0.53829,0.47606,1
1784418398.7296,252.82967,2934543621,0.52437,0.48511,1
1784418398.7361,252.83611,2934607981,0.52426,0.48770,1
1784418398.7431,252.84317,2934678663,0.52484,0.47072,1
1784418398.7498,252.84981,2934745000,0.53019,0.49269,1
1784418398.7564,252.85645,2934811299,0.53100,0.50077,1
1784418398.7629,252.86292,2934876103,0.53732,0.51572,1
1784418398.7696,252.86964,2934943322,0.53401,0.49872,1
1784418398.7763,252.87630,2935009864,0.53380,0.49064,1
1784418398.7830,252.88301,2935077074,0.53102,0.47929,1
1784418398.7899,252.88994,2935146220,0.53713,0.47039,1
1784418398.7963,252.89639,2935210861,0.53637,0.46200,1
1784418398.8031,252.90311,2935278043,0.52768,0.45163,1
1784418398.8100,252.91006,2935347574,0.52543,0.46163,1
1784418398.8165,252.91652,2935412128,0.52581,0.46735,1
1784418398.8235,252.92357,2935482545,0.53105,0.44200,1
1784418398.8301,252.93013,2935548160,0.54392,0.45321,1
1784418398.8370,252.93700,2935616864,0.54417,0.45918,1
1784418398.8433,252.94330,2935679833,0.52760,0.46529,1
1784418398.8502,252.95021,2935749055,0.53944,0.46532,1
1784418398.8567,252.95671,2935813987,0.53934,0.45614,1
1784418398.8633,252.96339,2935880783,0.52517,0.43110,1
1784418398.8700,252.97008,2935947742,0.53815,0.41229,1
1784418398.8767,252.97679,2936014814,0.53787,0.40620,1
1784418398.8837,252.98370,2936083889,0.54343,0.38447,1
1784418398.8901,252.99016,2936148529,0.55257,0.41420,1
1784418398.8968,252.99689,2936215849,0.55274,0.42031,1
1784418398.9038,253.00389,2936285777,0.53475,0.40969,1
1784418398.9102,253.01028,2936349711,0.52787,0.40231,1
1784418398.9172,253.01720,2936418837,0.52804,0.41117,1
1784418398.9236,253.02367,2936483588,0.53827,0.41979,1
1784418398.9303,253.03038,2936550645,0.54434,0.42170,1
1784418398.9373,253.03731,2936620022,0.54480,0.43365,1
1784418398.9437,253.04378,2936684760,0.53878,0.43140,1
1784418398.9504,253.05048,2936751652,0.54036,0.42741,1
1784418398.9574,253.05743,2936821280,0.54025,0.41822,1
1784418398.9638,253.06387,2936885686,0.54337,0.40664,1
1784418398.9707,253.07079,2936954800,0.54417,0.39026,1
1784418398.9772,253.07727,2937019606,0.54371,0.37809,1
1784418398.9842,253.08429,2937089812,0.53046,0.38864,1
1784418398.9906,253.09067,2937153552,0.52742,0.38926,1
1784418398.9975,253.09758,2937222702,0.52742,0.38926,1
1784418399.0040,253.10406,2937287539,0.53196,0.38859,1
1784418399.0109,253.11098,2937356683,0.52809,0.38278,1
1784418399.0178,253.11786,2937425506,0.52763,0.37983,1
1784418399.0243,253.12439,2937490751,0.52901,0.38387,1
1784418399.0310,253.13109,2937557734,0.53108,0.36834,1
1784418399.0375,253.13754,2937622312,0.53141,0.37486,1
1784418399.0442,253.14424,2937689357,0.53528,0.38041,1
1784418399.0512,253.15121,2937759122,0.53787,0.37326,1
1784418399.0576,253.15765,2937823423,0.53817,0.37994,1
1784418399.0645,253.16457,2937892502,0.54098,0.38707,1
1784418399.0710,253.17104,2937957247,0.54254,0.38791,1
1784418399.0777,253.17772,2938024145,0.54294,0.39030,1
1784418399.0846,253.18466,2938093495,0.54698,0.37986,1
1784418399.0911,253.19115,2938158382,0.54944,0.36972,1
1784418399.0980,253.19806,2938227447,0.54924,0.36295,1
1784418399.1045,253.20450,2938291969,0.54111,0.34593,1
1784418399.1112,253.21126,2938359461,0.54230,0.36141,1
1784418399.1181,253.21814,2938428351,0.54183,0.34893,1
1784418399.1246,253.22464,2938493239,0.53584,0.32456,1
1784418399.1315,253.23154,2938562264,0.53533,0.34892,1
1784418399.1383,253.23836,2938630503,0.53533,0.34892,1
1784418399.1449,253.24493,2938696274,0.54036,0.34726,1
1784418399.1514,253.25142,2938761106,0.54124,0.35436,1
1784418399.1581,253.25812,2938828142,0.54133,0.36437,1
1784418399.1650,253.26508,2938897663,0.54550,0.37976,1
1784418399.1715,253.27150,2938961929,0.52774,0.34625,1
1784418399.1784,253.27844,2939031394,0.52823,0.34968,1
1784418399.1849,253.28493,2939096127,0.54561,0.36944,1
1784418399.1918,253.29184,2939165317,0.54618,0.36163,1
1784418399.1985,253.29858,2939232817,0.54597,0.34434,1
1784418399.2052,253.30524,2939299280,0.54721,0.32000,1
1784418399.2120,253.31207,2939367670,0.53664,0.31497,1
1784418399.2184,253.31844,2939431297,0.53603,0.31457,1
1784418399.2253,253.32533,2939500241,0.53459,0.35086,1
1784418399.2317,253.33179,2939564831,0.53148,0.36258,1
1784418399.2385,253.33850,2939631914,0.53252,0.38334,1
1784418399.2451,253.34517,2939698664,0.54471,0.38580,1
1784418399.2518,253.35188,2939765744,0.54202,0.37034,1
1784418399.2588,253.35884,2939835356,0.54222,0.36690,1
1784418399.2652,253.36528,2939899681,0.52728,0.36468,1
1784418399.2719,253.37199,2939966862,0.53997,0.37950,1
1784418399.2789,253.37895,2940036450,0.53953,0.37634,1
1784418399.2853,253.38539,2940100893,0.55640,0.36782,1
1784418399.2923,253.39230,2940169941,0.55330,0.37008,1
1784418399.2988,253.39880,2940234921,0.55368,0.37341,1
1784418399.3057,253.40570,2940303892,0.54276,0.34429,1
1784418399.3121,253.41217,2940368590,0.53704,0.38050,1
1784418399.3188,253.41887,2940435550,0.53674,0.37398,1
1784418399.3258,253.42580,2940504845,0.53875,0.35496,1
1784418399.3322,253.43228,2940569673,0.54098,0.35204,1
1784418399.3391,253.43918,2940638762,0.54098,0.35204,1
1784418399.3456,253.44566,2940703511,0.56456,0.34401,1
1784418399.3523,253.45235,2940770416,0.56108,0.34049,1
1784418399.3592,253.45929,2940839855,0.56083,0.34381,1
1784418399.3657,253.46577,2940904629,0.55537,0.35094,1
1784418399.3727,253.47273,2940974171,0.55308,0.37981,1
1784418399.3791,253.47917,2941038589,0.55329,0.37645,1
1784418399.3861,253.48611,2941108112,0.56369,0.32942,1
1784418399.3928,253.49287,2941175609,0.56546,0.33415,1
1784418399.3994,253.49948,2941241770,0.56539,0.32740,1
1784418399.4061,253.50618,2941308705,0.56144,0.33964,1
1784418399.4128,253.51288,2941375690,0.55587,0.32227,1
1784418399.4195,253.51958,2941442707,0.55601,0.32916,1
1784418399.4260,253.52605,2941507335,0.55750,0.35876,1
1784418399.4328,253.53281,2941574911,0.56446,0.35562,1
1784418399.4396,253.53969,2941643827,0.56446,0.35562,1
1784418399.4461,253.54613,2941708236,0.55936,0.36558,1
1784418399.4528,253.55284,2941775356,0.54842,0.39625,1
1784418399.4598,253.55981,2941845022,0.54822,0.39955,1
1784418399.4662,253.56624,2941909271,0.55604,0.39061,1
1784418399.4733,253.57332,2941980087,0.56827,0.39715,1
1784418399.4796,253.57964,2942043286,0.56851,0.39389,1
1784418399.4866,253.58667,2942113540,0.55942,0.37042,1
1784418399.4932,253.59325,2942179362,0.54441,0.37753,1
1784418399.4999,253.59995,2942246343,0.54421,0.38008,1
1784418399.5068,253.60680,2942314945,0.55558,0.44311,1
1784418399.5133,253.61334,2942380266,0.56282,0.53511,1
1784418399.5198,253.61981,2942445097,0.56316,0.54266,1
1784418399.5267,253.62677,2942514617,0.50922,0.86099,1
1784418399.5335,253.63353,2942582143,0.50922,0.86099,0
1784418399.5403,253.64034,2942650250,0.50922,0.86099,0
1784418399.5468,253.64685,2942715473,0.50922,0.86099,0
1784418399.5533,253.65332,2942780189,0.50922,0.86099,0
1784418399.5600,253.66000,2942846965,0.50922,0.86099,0
1784418399.5669,253.66698,2942916730,0.50922,0.86099,0
1784418399.5734,253.67342,2942981041,0.50922,0.86099,0
1784418399.5803,253.68037,2943050712,0.50922,0.86099,0
1784418399.5871,253.68718,2943118725,0.50922,0.86099,0
1784418399.5937,253.69373,2943184214,0.50922,0.86099,0
1784418399.6002,253.70021,2943248968,0.50922,0.86099,0
1784418399.6071,253.70711,2943318058,0.50922,0.86099,0
1784418399.6135,253.71358,2943382747,0.50922,0.86099,0
1784418399.6205,253.72052,2943452059,0.50922,0.86099,0
1784418399.6272,253.72725,2943519472,0.50922,0.86099,0
1784418399.6337,253.73370,2943583955,0.50922,0.86099,0
1784418399.6406,253.74063,2943653237,0.50922,0.86099,0
1784418399.6471,253.74710,2943717845,0.50922,0.86099,0
1784418399.6538,253.75380,2943784931,0.50922,0.86099,0
1784418399.6607,253.76071,2943854094,0.50922,0.86099,0
1784418399.6672,253.76720,2943918931,0.50922,0.86099,0
1784418399.6742,253.77426,2943989594,0.50922,0.86099,0
1784418399.6805,253.78058,2944052639,0.50922,0.86099,0
1784418399.6875,253.78752,2944122077,0.50922,0.86099,0
1784418399.6942,253.79427,2944189530,0.50922,0.86099,0
1784418399.7006,253.80066,2944253571,0.50922,0.86099,0
1784418399.7076,253.80760,2944322873,0.50922,0.86099,0
1784418399.7140,253.81407,2944387656,0.50922,0.86099,0
1784418399.7207,253.82079,2944454836,0.50922,0.86099,0
1784418399.7278,253.82785,2944525430,0.50922,0.86099,0
1784418399.7344,253.83441,2944591091,0.50922,0.86099,0
1784418399.7411,253.84114,2944658245,0.50922,0.86099,0
1784418399.7475,253.84756,2944722583,0.50922,0.86099,0
1784418399.7544,253.85448,2944791667,0.50922,0.86099,0
1784418399.7612,253.86125,2944859380,0.50922,0.86099,0
1784418399.7678,253.86789,2944925844,0.50922,0.86099,0
1784418399.7747,253.87476,2944994486,0.51711,0.50831,1
1784418399.7812,253.88129,2945059760,0.51709,0.51148,1
1784418399.7880,253.88800,2945126942,0.51021,0.45091,1
1784418399.7944,253.89445,2945191524,0.51657,0.45251,1
1784418399.8013,253.90137,2945260562,0.51665,0.44908,1
1784418399.8081,253.90816,2945328419,0.51748,0.42054,1
1784418399.8147,253.91479,2945394819,0.50689,0.38197,1
1784418399.8215,253.92152,2945462084,0.50584,0.36929,1
1784418399.8281,253.92819,2945528768,0.51941,0.37173,1
1784418399.8349,253.93494,2945596203,0.50016,0.37567,1
1784418399.8413,253.94133,2945660248,0.50073,0.38193,1
1784418399.8482,253.94824,2945729376,0.48111,0.36019,1
1784418399.8550,253.95506,2945797529,0.47429,0.38868,1
1784418399.8616,253.96164,2945863374,0.47429,0.38868,1
1784418399.8684,253.96841,2945931104,0.47910,0.37192,1
1784418399.8750,253.97504,2945997329,0.47848,0.35618,1
1784418399.8818,253.98180,2946064925,0.47778,0.35323,1
1784418399.8882,253.98824,2946129284,0.47487,0.35231,1
1784418399.8953,253.99533,2946200216,0.47566,0.35571,1
1784418399.9016,254.00163,2946263275,0.47638,0.35872,1
1784418399.9085,254.00859,2946332765,0.47016,0.35687,1
1784418399.9150,254.01508,2946397633,0.46111,0.34403,1
1784418399.9219,254.02193,2946466226,0.46024,0.33743,1
1784418399.9284,254.02841,2946530961,0.46476,0.33841,1
1784418399.9351,254.03511,2946597945,0.46901,0.33328,1
1784418399.9421,254.04210,2946667945,0.46966,0.33576,1
1784418399.9485,254.04851,2946732035,0.47408,0.32772,1
1784418399.9555,254.05557,2946802596,0.47481,0.33049,1
1784418399.9621,254.06213,2946868261,0.47491,0.33719,1
1784418399.9688,254.06888,2946935641,0.46760,0.37564,1
1784418399.9753,254.07532,2947000098,0.47038,0.38954,1
1784418399.9820,254.08200,2947066848,0.47215,0.40333,1
1784418399.9886,254.08867,2947133664,0.48118,0.41002,1
1784418399.9956,254.09561,2947202992,0.48554,0.38679,1
1784418400.0023,254.10231,2947270034,0.48478,0.37665,1
1784418400.0088,254.10881,2947335041,0.45831,0.37731,1
1784418400.0157,254.11578,2947404693,0.46466,0.35469,1
1784418400.0221,254.12219,2947468799,0.46309,0.34509,1
1784418400.0288,254.12888,2947535666,0.46872,0.36696,1
1784418400.0358,254.13589,2947605800,0.47975,0.36336,1
1784418400.0422,254.14227,2947669683,0.48044,0.36642,1
1784418400.0492,254.14923,2947739264,0.46922,0.38186,1
1784418400.0556,254.15567,2947803659,0.46231,0.37300,1
1784418400.0623,254.16237,2947870662,0.46155,0.37001,1
1784418400.0693,254.16930,2947939885,0.45437,0.36967,1
1784418400.0760,254.17601,2948006992,0.46641,0.37513,1
1784418400.0827,254.18275,2948074441,0.46794,0.38448,1
1784418400.0891,254.18918,2948138620,0.48399,0.35473,1
1784418400.0958,254.19588,2948205711,0.46548,0.40256,1
1784418400.1025,254.20256,2948272467,0.46560,0.40586,1
1784418400.1092,254.20926,2948339547,0.46696,0.39277,1
1784418400.1162,254.21622,2948409143,0.48025,0.38232,1
1784418400.1226,254.22266,2948473486,0.48096,0.38531,1
1784418400.1296,254.22960,2948542920,0.46658,0.41684,1
1784418400.1362,254.23627,2948609651,0.46367,0.40692,1
1784418400.1430,254.24300,2948676898,0.46293,0.40394,1
1784418400.1497,254.24979,2948744836,0.48745,0.41592,1
1784418400.1564,254.25641,2948811040,0.46120,0.42030,1
1784418400.1631,254.26315,2948878482,0.46212,0.42652,1
1784418400.1695,254.26953,2948942204,0.47679,0.41629,1
1784418400.1762,254.27626,2949009493,0.48688,0.40698,1
1784418400.1832,254.28322,2949079157,0.48612,0.39715,1
1784418400.1896,254.28966,2949143429,0.47248,0.39429,1
1784418400.1965,254.29659,2949212719,0.47120,0.35248,1
1784418400.2030,254.30304,2949277307,0.46966,0.34289,1
1784418400.2097,254.30977,2949344654,0.47230,0.34669,1
1784418400.2166,254.31668,2949413644,0.45806,0.39469,1
1784418400.2231,254.32312,2949478086,0.45897,0.40092,1
1784418400.2300,254.33005,2949547437,0.46751,0.39444,1
1784418400.2365,254.33655,2949612367,0.48062,0.41356,1
1784418400.2432,254.34323,2949679176,0.48137,0.41971,1
1784418400.2502,254.35025,2949749384,0.47619,0.36669,1
1784418400.2566,254.35664,2949813316,0.48175,0.38607,1
1784418400.2635,254.36354,2949882302,0.48250,0.39263,1
1784418400.2700,254.37003,2949947146,0.47945,0.41394,1
1784418400.2770,254.37701,2950017127,0.48424,0.40616,1
1784418400.2836,254.38364,2950083324,0.48419,0.40282,1
1784418400.2903,254.39034,2950150214,0.48734,0.37035,1
1784418400.2971,254.39711,2950217951,0.48406,0.39945,1
1784418400.3035,254.40350,2950281993,0.48337,0.39631,1
1784418400.3104,254.41045,2950351367,0.48450,0.38041,1
1784418400.3171,254.41716,2950418483,0.48342,0.40236,1
1784418400.3238,254.42384,2950485414,0.48342,0.40236,1
1784418400.3303,254.43031,2950550069,0.48485,0.37980,1
1784418400.3372,254.43724,2950619260,0.48091,0.38571,1
1784418400.3440,254.44403,2950687192,0.48016,0.37927,1
1784418400.3504,254.45042,2950751225,0.49412,0.37759,1
1784418400.3573,254.45734,2950820295,0.48325,0.36548,1
1784418400.3638,254.46381,2950885007,0.48396,0.37204,1
1784418400.3708,254.47084,2950955290,0.47714,0.37586,1
1784418400.3771,254.47719,2951018821,0.48487,0.39281,1
1784418400.3842,254.48424,2951089280,0.48559,0.39931,1
1784418400.3906,254.49060,2951152852,0.48705,0.39885,1
1784418400.3973,254.49730,2951219845,0.47909,0.40706,1
1784418400.4042,254.50424,2951289389,0.47831,0.40063,1
1784418400.4106,254.51067,2951353602,0.48229,0.39238,1
1784418400.4176,254.51761,2951422924,0.48387,0.36485,1
1784418400.4240,254.52406,2951487528,0.48387,0.36485,1
1784418400.4308,254.53081,2951554931,0.48735,0.39232,1
1784418400.4376,254.53769,2951623838,0.48818,0.39069,1
1784418400.4444,254.54440,2951690882,0.48888,0.39721,1
1784418400.4510,254.55109,2951757820,0.48945,0.39929,1
1784418400.4575,254.55759,2951822721,0.48951,0.41052,1
1784418400.4645,254.56451,2951892014,0.48951,0.41052,1
1784418400.4712,254.57123,2951959226,0.48548,0.39055,1
1784418400.4776,254.57767,2952023598,0.49323,0.38348,1
1784418400.4846,254.58461,2952092981,0.49328,0.38658,1
1784418400.4910,254.59106,2952157499,0.49542,0.39053,1
1784418400.4977,254.59778,2952224766,0.49371,0.40545,1
1784418400.5047,254.60477,2952294606,0.49358,0.40156,1
1784418400.5113,254.61137,2952360682,0.49078,0.38480,1
1784418400.5181,254.61819,2952428829,0.49445,0.40517,1
1784418400.5249,254.62498,2952496701,0.49387,0.40241,1
1784418400.5316,254.63164,2952563308,0.48585,0.39309,1
1784418400.5383,254.63838,2952630734,0.49407,0.39279,1
1784418400.5450,254.64500,2952697003,0.49524,0.39880,1
1784418400.5513,254.65135,2952760399,0.49908,0.38965,1
1784418400.5583,254.65836,2952830484,0.49098,0.38407,1
1784418400.5647,254.66476,2952894628,0.48977,0.37528,1
1784418400.5714,254.67143,2952961298,0.46744,0.38996,1
1784418400.5783,254.67838,2953030734,0.48314,0.41675,1
1784418400.5848,254.68484,2953095314,0.48387,0.41973,1
1784418400.5918,254.69183,2953165220,0.49229,0.41071,1
1784418400.5984,254.69846,2953231507,0.48223,0.41007,1
1784418400.6052,254.70528,2953299643,0.48157,0.40709,1
1784418400.6116,254.71162,2953363119,0.50102,0.39230,1
1784418400.6183,254.71832,2953430161,0.49585,0.39099,1
1784418400.6253,254.72536,2953500427,0.49648,0.39748,1
1784418400.6317,254.73177,2953564503,0.50654,0.39742,1
1784418400.6384,254.73843,2953631315,0.51398,0.40587,1
1784418400.6453,254.74535,2953700369,0.51402,0.40260,1
1784418400.6518,254.75182,2953765125,0.51235,0.39481,1
1784418400.6585,254.75854,2953832307,0.50968,0.37658,1
1784418400.6654,254.76549,2953901845,0.50916,0.37002,1
1784418400.6721,254.77214,2953968248,0.50074,0.37818,1
1784418400.6788,254.77888,2954035687,0.50071,0.37417,1
1784418400.6853,254.78532,2954100077,0.50068,0.37761,1
1784418400.6922,254.79224,2954169205,0.50498,0.38494,1
1784418400.6990,254.79904,2954237288,0.51319,0.38345,1
1784418400.7056,254.80563,2954303266,0.51326,0.38007,1
1784418400.7124,254.81248,2954371695,0.51031,0.37584,1
1784418400.7190,254.81905,2954437369,0.50185,0.36061,1
1784418400.7258,254.82587,2954505653,0.50126,0.36046,1
1784418400.7324,254.83249,2954571858,0.50979,0.36903,1
1784418400.7393,254.83931,2954639938,0.49604,0.40033,1
1784418400.7458,254.84581,2954705032,0.49779,0.41251,1
1784418400.7522,254.85229,2954769841,0.51038,0.41150,1
1784418400.7589,254.85899,2954836827,0.51414,0.38765,1
1784418400.7659,254.86591,2954905956,0.51322,0.37871,1
1784418400.7726,254.87267,2954973593,0.50111,0.37329,1
1784418400.7794,254.87941,2955041026,0.49480,0.38979,1
1784418400.7858,254.88580,2955104889,0.49540,0.39283,1
1784418400.7929,254.89296,2955176534,0.50921,0.38281,1
1784418400.7992,254.89920,2955238850,0.50174,0.39363,1
1784418400.8063,254.90630,2955309798,0.50121,0.39058,1
1784418400.8130,254.91302,2955377206,0.50188,0.37494,1
1784418400.8193,254.91930,2955439810,0.50649,0.37991,1
1784418400.8261,254.92619,2955508898,0.50704,0.38304,1
1784418400.8326,254.93266,2955573582,0.49936,0.38277,1
1784418400.8400,254.94003,2955647275,0.50246,0.38121,1
1784418400.8463,254.94633,2955710230,0.50187,0.37809,1
1784418400.8527,254.95277,2955774666,0.51335,0.40127,1
1784418400.8596,254.95969,2955843722,0.51191,0.39386,1
1784418400.8663,254.96638,2955910697,0.51191,0.39386,1
1784418400.8730,254.97308,2955977794,0.49737,0.40013,1
1784418400.8795,254.97954,2956042335,0.49890,0.38860,1
1784418400.8864,254.98648,2956111693,0.49890,0.38860,1
1784418400.8932,254.99327,2956179691,0.51284,0.39289,1
1784418400.8998,254.99989,2956245869,0.49426,0.41727,1
1784418400.9067,255.00677,2956314714,0.49491,0.42355,1
1784418400.9130,255.01309,2956377767,0.49660,0.41817,1
1784418400.9200,255.02002,2956447167,0.50306,0.41547,1
1784418400.9264,255.02643,2956511260,0.50308,0.41833,1
1784418400.9331,255.03314,2956578344,0.49374,0.42963,1
1784418400.9398,255.03983,2956645203,0.50291,0.45037,1
1784418400.9465,255.04654,2956712309,0.50344,0.45576,1
1784418400.9534,255.05347,2956781505,0.50021,0.44638,1
1784418400.9602,255.06029,2956849744,0.50787,0.44655,1
1784418400.9666,255.06667,2956913506,0.50787,0.44655,1
1784418400.9735,255.07359,2956982771,0.49542,0.43988,1
1784418400.9800,255.08005,2957047333,0.51231,0.43667,1
1784418400.9869,255.08694,2957116429,0.51231,0.43667,1
1784418400.9934,255.09343,2957181228,0.49701,0.43026,1
1784418401.0003,255.10034,2957250363,0.50135,0.44413,1
1784418401.0068,255.10681,2957315010,0.50135,0.44413,1
1784418401.0138,255.11380,2957384890,0.49347,0.44834,1
1784418401.0206,255.12061,2957452982,0.50573,0.44423,1
1784418401.0269,255.12694,2957516276,0.50573,0.44138,1
1784418401.0338,255.13383,2957585275,0.49936,0.42394,1
1784418401.0403,255.14030,2957649989,0.49790,0.42675,1
1784418401.0472,255.14723,2957719296,0.49670,0.41489,1
1784418401.0537,255.15373,2957784221,0.50205,0.40967,1
1784418401.0606,255.16064,2957853281,0.48925,0.39190,1
1784418401.0673,255.16739,2957920734,0.48851,0.38224,1
1784418401.0740,255.17404,2957987265,0.49187,0.39167,1
1784418401.0808,255.18080,2958054880,0.50379,0.38951,1
1784418401.0872,255.18721,2958119025,0.50380,0.39550,1
1784418401.0944,255.19444,2958191304,0.48683,0.39714,1
1784418401.1008,255.20084,2958255308,0.49636,0.42001,1
1784418401.1079,255.20790,2958325969,0.49875,0.43746,1
1784418401.1143,255.21431,2958390009,0.50303,0.43840,1
1784418401.1206,255.22069,2958453837,0.50435,0.43279,1
1784418401.1276,255.22763,2958523181,0.50267,0.41474,1
1784418401.1341,255.23410,2958587887,0.49681,0.39838,1
1784418401.1407,255.24078,2958654755,0.49382,0.38590,1
1784418401.1474,255.24747,2958721627,0.49268,0.37735,1
1784418401.1544,255.25441,2958791039,0.49841,0.37804,1
1784418401.1611,255.26117,2958858637,0.49968,0.39639,1
1784418401.1675,255.26756,2958922580,0.50079,0.40558,1
1784418401.1745,255.27451,2958991910,0.49553,0.41236,1
1784418401.1809,255.28099,2959056782,0.49702,0.40351,1
1784418401.1876,255.28767,2959123672,0.49641,0.40050,1
1784418401.1946,255.29460,2959192852,0.49929,0.40795,1
1784418401.2011,255.30110,2959257961,0.49211,0.39956,1
1784418401.2077,255.30779,2959324789,0.49275,0.40580,1
1784418401.2148,255.31480,2959394927,0.50000,0.41490,1
1784418401.2211,255.32117,2959458589,0.49977,0.43585,1
1784418401.2278,255.32787,2959525514,0.49977,0.43585,1
1784418401.2345,255.33458,2959592647,0.50054,0.40378,1
1784418401.2414,255.34148,2959661741,0.50259,0.39782,1
1784418401.2483,255.34830,2959729909,0.50258,0.40065,1
1784418401.2546,255.35466,2959793509,0.49279,0.40547,1
1784418401.2616,255.36163,2959863285,0.49529,0.43331,1
1784418401.2683,255.36832,2959930027,0.49652,0.44218,1
1784418401.2750,255.37509,2959997787,0.51068,0.45474,1
1784418401.2814,255.38148,2960061716,0.49812,0.44637,1
1784418401.2885,255.38850,2960131985,0.49757,0.44099,1
1784418401.2951,255.39510,2960197796,0.49861,0.42335,1
1784418401.3017,255.40178,2960264765,0.49828,0.41526,1
1784418401.3082,255.40826,2960329500,0.49828,0.41189,1
1784418401.3151,255.41518,2960398655,0.48966,0.40999,1
1784418401.3216,255.42165,2960463301,0.50166,0.42106,1
1784418401.3283,255.42834,2960530413,0.50051,0.41195,1
1784418401.3350,255.43503,2960597266,0.49096,0.40019,1
1784418401.3417,255.44179,2960664718,0.49352,0.41063,1
1784418401.3486,255.44867,2960733562,0.49352,0.41063,1
1784418401.3551,255.45512,2960798154,0.50116,0.39426,1
1784418401.3618,255.46184,2960865227,0.49130,0.41375,1
1784418401.3685,255.46851,2960932045,0.49137,0.41654,1
1784418401.3752,255.47522,2960999057,0.50526,0.42796,1
1784418401.3821,255.48219,2961068767,0.50971,0.43099,1
1784418401.3888,255.48886,2961135556,0.51016,0.43635,1
1784418401.3955,255.49554,2961202351,0.50997,0.64502,1
1784418401.4023,255.50233,2961270328,0.58282,0.78760,1
1784418401.4090,255.50903,2961337292,0.46552,0.73035,1
1784418401.4156,255.51569,2961403811,0.46552,0.73035,0
1784418401.4225,255.52251,2961472042,0.46552,0.73035,0
1784418401.4288,255.52882,2961535174,0.46552,0.73035,0
1784418401.4357,255.53578,2961604804,0.46552,0.73035,0
1784418401.4424,255.54243,2961671286,0.46552,0.73035,0
1784418401.4492,255.54921,2961739069,0.46552,0.73035,0
1784418401.4556,255.55562,2961803108,0.46552,0.73035,0
1784418401.4625,255.56253,2961872239,0.46552,0.73035,0
1784418401.4692,255.56927,2961939668,0.46552,0.73035,0
1784418401.4761,255.57613,2962008185,0.46552,0.73035,0
1784418401.4828,255.58281,2962074956,0.46552,0.73035,0
1784418401.4893,255.58934,2962140389,0.46552,0.73035,0
1784418401.4960,255.59604,2962207233,0.46552,0.73035,0
1784418401.5025,255.60251,2962271936,0.46552,0.73035,0
1784418401.5091,255.60919,2962338893,0.46552,0.73035,0
1784418401.5162,255.61623,2962409136,0.46552,0.73035,0
1784418401.5225,255.62259,2962472837,0.46552,0.73035,0
1784418401.5296,255.62962,2962543107,0.46552,0.73035,0
1784418401.5359,255.63599,2962606706,0.46552,0.73035,0
1784418401.5430,255.64302,2962677130,0.46552,0.73035,0
1784418401.5493,255.64938,2962740783,0.46552,0.73035,0
1784418401.5563,255.65630,2962809933,0.46552,0.73035,0
1784418401.5627,255.66278,2962874794,0.46552,0.73035,0
1784418401.5694,255.66949,2962941824,0.46552,0.73035,0
1784418401.5764,255.67647,2963011646,0.46552,0.73035,0
1784418401.5828,255.68289,2963075759,0.46552,0.73035,0
1784418401.5899,255.68993,2963146176,0.46552,0.73035,0
1784418401.5962,255.69629,2963209739,0.46552,0.73035,0
1784418401.6032,255.70329,2963279774,0.46552,0.73035,0
1784418401.6096,255.70967,2963343607,0.46552,0.73035,0
1784418401.6166,255.71663,2963413165,0.46552,0.73035,0
1784418401.6230,255.72307,2963477666,0.46552,0.73035,0
1784418401.6300,255.73001,2963546948,0.46552,0.73035,0
1784418401.6364,255.73647,2963611612,0.46552,0.73035,0
1784418401.6431,255.74318,2963678668,0.46552,0.73035,0
1784418401.6500,255.75009,2963747849,0.58364,0.77390,1
1784418401.6568,255.75681,2963815025,0.54111,0.58064,1
1784418401.6635,255.76353,2963882324,0.54285,0.58981,1
1784418401.6702,255.77025,2963949365,0.54403,0.60278,1
1784418401.6769,255.77696,2964016519,0.53618,0.55008,1
1784418401.6833,255.78336,2964080419,0.53801,0.55433,1
1784418401.6902,255.79028,2964149803,0.53742,0.54453,1
1784418401.6967,255.79675,2964214509,0.55384,0.53778,1
1784418401.7034,255.80345,2964281438,0.54627,0.54457,1
1784418401.7104,255.81046,2964351456,0.54584,0.53484,1
1784418401.7168,255.81683,2964415302,0.53215,0.45751,1
1784418401.7237,255.82378,2964484715,0.53449,0.45277,1
1784418401.7302,255.83026,2964549570,0.53415,0.45094,1
1784418401.7372,255.83728,2964619769,0.53866,0.44958,1
1784418401.7436,255.84364,2964683360,0.54018,0.45307,1
1784418401.7505,255.85056,2964752420,0.54096,0.47003,1
1784418401.7570,255.85704,2964817270,0.54922,0.46901,1
1784418401.7639,255.86395,2964886371,0.54139,0.46816,1
1784418401.7704,255.87042,2964951083,0.54125,0.47112,1
1784418401.7771,255.87712,2965018113,0.55334,0.49559,1
1784418401.7838,255.88380,2965084996,0.54713,0.47184,1
1784418401.7905,255.89050,2965152008,0.54706,0.46291,1
1784418401.7975,255.89755,2965222387,0.53999,0.44353,1
1784418401.8041,255.90417,2965288696,0.53564,0.44595,1
1784418401.8108,255.91084,2965355273,0.53555,0.43745,1
1784418401.8176,255.91768,2965423741,0.52491,0.44869,1
1784418401.8242,255.92424,2965489281,0.52480,0.42776,1
1784418401.8307,255.93076,2965554401,0.52480,0.42776,1
1784418401.8378,255.93785,2965625368,0.53347,0.43584,1
1784418401.8443,255.94435,2965690417,0.53915,0.43177,1
1784418401.8510,255.95103,2965757218,0.53939,0.43702,1
1784418401.8577,255.95778,2965824743,0.53602,0.43589,1
1784418401.8645,255.96455,2965892486,0.53604,0.44018,1
1784418401.8712,255.97121,2965959033,0.53588,0.44636,1
1784418401.8776,255.97760,2966022922,0.53846,0.47012,1
1784418401.8845,255.98453,2966092183,0.54572,0.47943,1
1784418401.8910,255.99100,2966156817,0.54624,0.47925,1
1784418401.8977,255.99774,2966224400,0.53884,0.44453,1
1784418401.9046,256.00464,2966293237,0.54546,0.42257,1
1784418401.9110,256.01108,2966357724,0.54485,0.41426,1
1784418401.9180,256.01801,2966427029,0.54767,0.45394,1
1784418401.9247,256.02478,2966494642,0.54453,0.45915,1
1784418401.9311,256.03119,2966558845,0.54477,0.46505,1
1784418401.9383,256.03830,2966629858,0.53924,0.44946,1
1784418401.9448,256.04480,2966694954,0.53850,0.44117,1
1784418401.9515,256.05154,2966762341,0.53842,0.44403,1
1784418401.9579,256.05798,2966826791,0.54501,0.43404,1
1784418401.9649,256.06491,2966896064,0.54237,0.45062,1
1784418401.9713,256.07138,2966960769,0.54320,0.45515,1
1784418401.9780,256.07809,2967027721,0.54300,0.46897,1
1784418401.9847,256.08478,2967094711,0.55325,0.46259,1
1784418401.9914,256.09146,2967161581,0.55292,0.45131,1
1784418401.9984,256.09845,2967231519,0.54113,0.44096,1
1784418402.0048,256.10486,2967295615,0.54131,0.43979,1
1784418402.0118,256.11182,2967365047,0.54072,0.43183,1
1784418402.0182,256.11829,2967429660,0.53868,0.43723,1
1784418402.0252,256.12521,2967499085,0.53995,0.42121,1
